Cloud,Humidity,Precip,Temp,Wind,Wbgt,class,alert color
2,17,0.0,96,10,80,1,Yellow
5,17,0.0,91,4,72,0,Green
3,19,0.0,102,4,84,2,Orange
4,40,0.0,95,5,87,4,Black
5,10,0.0,113,6,87,4,Black
5,12,0.0,111,3,87,4,Black
5,14,0.0,89,6,70,0,Green
87,97,0.01,64,7,63,0,Green
97,100,0.06,66,8,65,0,Green
1,20,0.0,98,3,83,2,Orange
72,72,0.06,86,13,83,2,Orange
19,64,0.01,93,5,90,4,Black
9,72,0.0,82,5,79,1,Yellow
2,63,0.0,86,3,83,2,Orange
5,64,0.0,80,4,76,0,Green
44,80,0.04,86,3,85,3,Red
5,9,0.0,111,7,88,4,Black
5,8,0.0,102,2,79,1,Yellow
13,65,0.0,84,4,77,1,Yellow
10,69,0.0,55,6,53,0,Green
4,50,0.0,89,5,84,2,Orange
38,85,0.01,86,5,84,2,Orange
34,70,0.01,87,14,86,3,Red
21,68,0.0,91,3,89,4,Black
8,58,0.0,84,5,77,1,Yellow
16,64,0.0,91,5,88,4,Black
4,10,0.0,109,7,87,4,Black
25,66,0.0,91,8,89,4,Black
7,15,0.0,87,4,70,0,Green
60,87,0.02,82,4,79,1,Yellow
72,68,0.22,89,5,85,3,Red
92,82,0.0,78,7,75,0,Green
56,94,0.34,75,4,73,0,Green
30,75,0.0,89,6,86,3,Red
2,29,0.0,71,2,59,0,Green
51,71,0.08,91,9,87,4,Black
7,13,0.0,98,5,79,1,Yellow
76,67,0.65,89,9,85,3,Red
34,78,0.01,87,9,83,2,Orange
23,68,0.0,89,4,85,3,Red
4,17,0.0,86,15,69,0,Green
1,66,0.0,77,2,72,0,Green
6,10,0.0,113,3,87,4,Black
28,72,0.01,89,7,85,3,Red
2,35,0.0,95,7,81,1,Yellow
29,63,0.0,82,4,75,0,Green
8,9,0.0,113,3,87,4,Black
39,91,0.36,78,9,77,1,Yellow
25,75,0.01,87,9,85,3,Red
12,58,0.0,93,6,88,4,Black
13,75,0.0,89,9,85,3,Red
15,75,0.0,91,6,88,4,Black
35,80,0.0,55,8,52,0,Green
5,19,0.0,100,6,82,2,Orange
3,16,0.0,93,4,78,1,Yellow
6,13,0.0,98,5,75,0,Green
9,10,0.0,109,4,84,2,Orange
1,13,0.0,109,5,87,4,Black
2,13,0.0,93,2,75,0,Green
37,70,0.02,91,9,88,4,Black
3,8,0.0,109,12,85,3,Red
4,13,0.0,87,4,70,0,Green
44,82,0.15,86,9,82,2,Orange
22,57,0.0,86,7,83,2,Orange
73,80,0.29,87,12,84,2,Orange
52,77,0.13,86,10,86,3,Red
31,67,0.0,62,6,59,0,Green
8,15,0.0,109,2,87,4,Black
29,73,0.6,89,8,86,3,Red
3,13,0.0,107,3,88,4,Black
2,35,0.0,69,7,63,0,Green
25,77,0.02,82,7,79,1,Yellow
43,72,0.01,89,9,87,4,Black
7,11,0.0,111,5,87,4,Black
5,12,0.0,109,5,86,3,Red
70,82,0.28,82,12,79,1,Yellow
6,12,0.0,100,5,80,1,Yellow
48,90,0.17,80,2,79,1,Yellow
2,8,0.0,98,2,79,1,Yellow
27,68,0.01,89,8,86,3,Red
33,78,0.0,87,3,85,3,Red
76,73,0.18,89,10,85,3,Red
64,69,0.08,82,4,80,1,Yellow
56,57,0.0,89,7,82,2,Orange
2,10,0.0,105,3,85,3,Red
2,19,0.0,96,4,82,2,Orange
8,22,0.0,98,5,80,1,Yellow
36,69,0.0,84,5,78,1,Yellow
43,72,0.06,89,6,84,2,Orange
4,25,0.0,93,5,81,1,Yellow
60,78,0.0,66,4,63,0,Green
5,20,0.0,100,2,82,2,Orange
19,73,0.01,89,8,88,4,Black
24,55,0.0,86,8,80,1,Yellow
6,10,0.0,107,3,83,2,Orange
13,68,0.0,91,5,88,4,Black
13,14,0.0,107,3,84,2,Orange
3,29,0.0,102,5,89,4,Black
19,74,0.0,59,3,55,0,Green
39,77,0.02,86,5,86,3,Red
20,10,0.0,104,6,82,2,Orange
2,11,0.0,109,4,87,4,Black
1,56,0.0,89,8,81,1,Yellow
28,66,0.0,89,5,87,4,Black
2,30,0.0,82,4,69,0,Green
64,77,0.37,86,7,84,2,Orange
0,36,0.0,86,6,74,0,Green
40,62,0.02,91,7,88,4,Black
27,80,0.0,86,10,82,2,Orange
1,12,0.0,100,6,81,1,Yellow
1,9,0.0,96,2,78,1,Yellow
5,9,0.0,111,2,85,3,Red
47,57,0.01,89,10,85,3,Red
27,66,0.0,91,9,89,4,Black
4,12,0.0,93,9,77,1,Yellow
45,74,0.02,84,2,80,1,Yellow
49,66,0.03,89,5,83,2,Orange
8,20,0.0,86,10,72,0,Green
13,9,0.0,102,5,79,1,Yellow
62,71,0.18,91,12,87,4,Black
12,15,0.0,102,4,80,1,Yellow
22,66,0.0,89,2,86,3,Red
58,74,0.02,84,13,82,2,Orange
10,16,0.0,98,3,82,2,Orange
2,12,0.0,109,5,87,4,Black
13,70,0.0,89,3,88,4,Black
22,65,0.01,89,2,84,2,Orange
11,80,0.0,86,5,83,2,Orange
25,70,0.05,89,8,87,4,Black
56,79,0.1,89,12,86,3,Red
4,9,0.0,104,3,83,2,Orange
5,38,0.0,95,9,86,3,Red
21,64,0.01,89,8,87,4,Black
3,9,0.0,104,5,82,2,Orange
2,26,0.0,68,0,58,0,Green
26,61,0.0,91,7,88,4,Black
100,62,0.0,71,23,66,0,Green
21,39,0.0,95,2,86,3,Red
65,75,0.65,86,7,84,2,Orange
3,11,0.0,95,2,75,0,Green
9,7,0.0,111,5,85,3,Red
28,65,0.03,91,10,87,4,Black
12,74,0.0,87,4,85,3,Red
27,70,0.0,89,5,85,3,Red
22,23,0.0,75,7,61,0,Green
9,14,0.0,100,5,82,2,Orange
40,78,0.07,89,12,87,4,Black
3,28,0.0,80,2,65,0,Green
36,72,0.1,91,9,88,4,Black
3,16,0.0,102,6,82,2,Orange
55,66,0.53,89,5,86,3,Red
1,19,0.0,75,5,62,0,Green
0,19,0.0,102,2,83,2,Orange
63,75,0.22,87,7,86,3,Red
45,66,0.19,91,6,88,4,Black
0,14,0.0,98,5,78,1,Yellow
92,91,0.52,78,16,77,1,Yellow
41,65,0.14,89,8,86,3,Red
3,22,0.0,102,4,87,4,Black
5,8,0.0,102,5,80,1,Yellow
4,19,0.0,98,4,79,1,Yellow
58,72,0.06,87,7,86,3,Red
3,17,0.0,107,5,86,3,Red
0,20,0.0,102,5,85,3,Red
44,75,0.02,87,8,85,3,Red
93,59,0.0,73,14,66,0,Green
56,27,0.0,66,8,55,0,Green
2,14,0.0,109,5,86,3,Red
9,60,0.0,93,5,89,4,Black
40,70,0.03,87,9,84,2,Orange
2,36,0.0,86,2,77,1,Yellow
61,66,1.25,89,5,85,3,Red
8,14,0.0,95,2,74,0,Green
8,15,0.0,100,2,78,1,Yellow
39,66,0.0,91,13,85,3,Red
22,73,0.0,89,7,87,4,Black
35,68,0.01,91,8,88,4,Black
1,13,0.0,107,4,88,4,Black
16,68,0.0,91,6,89,4,Black
14,70,0.0,89,9,87,4,Black
48,70,0.0,64,5,63,0,Green
13,53,0.0,86,7,80,1,Yellow
18,56,0.01,93,7,87,4,Black
6,18,0.0,96,5,81,1,Yellow
7,19,0.0,82,6,65,0,Green
81,82,0.05,84,6,81,1,Yellow
2,16,0.0,93,2,78,1,Yellow
8,15,0.0,89,8,71,0,Green
69,74,0.13,82,6,78,1,Yellow
16,51,0.0,82,3,77,1,Yellow
84,81,0.05,77,5,74,0,Green
48,68,0.39,89,8,85,3,Red
41,69,0.01,86,10,85,3,Red
5,58,0.0,77,8,74,0,Green
41,70,0.0,89,6,87,4,Black
9,16,0.0,104,4,85,3,Red
7,10,0.0,109,8,84,2,Orange
18,73,0.0,89,5,87,4,Black
3,18,0.0,96,3,78,1,Yellow
41,72,0.02,86,21,84,2,Orange
4,20,0.0,84,2,71,0,Green
37,72,0.08,91,15,88,4,Black
14,70,0.0,91,6,88,4,Black
60,80,0.2,86,8,86,3,Red
34,77,0.03,89,9,87,4,Black
25,64,0.01,89,4,86,3,Red
3,8,0.0,102,2,78,1,Yellow
59,64,0.06,89,3,84,2,Orange
59,66,0.67,89,5,84,2,Orange
55,73,0.3,89,9,84,2,Orange
13,13,0.0,104,9,82,2,Orange
5,12,0.0,86,2,67,0,Green
8,9,0.0,113,5,87,4,Black
1,14,0.0,91,2,75,0,Green
32,58,0.61,93,3,87,4,Black
9,18,0.0,98,5,82,2,Orange
51,74,0.05,86,7,83,2,Orange
100,100,0.13,64,6,63,0,Green
80,77,0.38,82,10,78,1,Yellow
4,13,0.0,100,9,82,2,Orange
5,8,0.0,111,5,85,3,Red
79,70,0.11,86,7,83,2,Orange
83,90,0.08,75,5,76,0,Green
0,31,0.0,89,4,79,1,Yellow
0,21,0.0,102,6,83,2,Orange
16,53,0.0,86,2,77,1,Yellow
51,54,0.0,91,4,85,3,Red
1,14,0.0,91,3,72,0,Green
58,75,0.32,89,7,87,4,Black
13,85,0.0,84,4,82,2,Orange
16,19,0.0,96,3,77,1,Yellow
75,73,0.0,73,13,68,0,Green
8,12,0.0,102,5,77,1,Yellow
2,25,0.0,95,4,79,1,Yellow
41,72,0.18,89,9,88,4,Black
52,80,0.01,84,4,83,2,Orange
24,75,0.02,87,5,84,2,Orange
51,65,0.05,89,3,84,2,Orange
43,60,0.05,89,6,85,3,Red
61,93,0.0,64,5,63,0,Green
57,79,0.25,87,7,84,2,Orange
7,64,0.0,91,4,88,4,Black
53,80,0.09,87,12,86,3,Red
21,22,0.0,71,5,57,0,Green
35,72,0.0,82,3,78,1,Yellow
42,62,0.01,91,6,88,4,Black
47,68,0.06,91,7,86,3,Red
5,9,0.0,114,5,87,4,Black
50,75,0.04,87,7,83,2,Orange
64,54,0.0,75,3,68,0,Green
10,12,0.0,109,3,85,3,Red
29,75,0.0,86,5,86,3,Red
7,82,0.0,73,4,69,0,Green
75,60,0.03,89,5,83,2,Orange
24,72,0.0,91,8,89,4,Black
24,59,0.0,91,5,85,3,Red
5,48,0.0,86,7,77,1,Yellow
2,9,0.0,100,5,80,1,Yellow
5,9,0.0,104,5,80,1,Yellow
2,31,0.0,95,8,81,1,Yellow
22,73,0.0,89,9,87,4,Black
5,22,0.0,84,5,71,0,Green
3,18,0.0,80,10,67,0,Green
20,43,0.0,64,10,55,0,Green
28,80,0.01,87,7,87,4,Black
30,65,0.01,86,5,83,2,Orange
2,8,0.0,100,2,80,1,Yellow
76,70,0.0,60,3,57,0,Green
85,79,0.49,82,10,78,1,Yellow
42,59,0.24,91,4,84,2,Orange
5,16,0.0,107,2,85,3,Red
2,9,0.0,111,4,87,4,Black
0,27,0.0,93,5,78,1,Yellow
37,72,0.01,91,11,90,4,Black
57,72,0.0,86,12,83,2,Orange
37,73,0.04,89,5,84,2,Orange
100,96,0.02,66,7,65,0,Green
7,14,0.0,89,4,69,0,Green
9,9,0.0,107,9,83,2,Orange
29,75,0.06,87,5,85,3,Red
5,17,0.0,98,5,79,1,Yellow
67,83,0.29,87,14,86,3,Red
50,57,0.0,86,6,78,1,Yellow
24,61,0.0,91,7,88,4,Black
34,63,0.0,84,2,80,1,Yellow
42,61,0.0,89,8,85,3,Red
26,59,0.01,86,2,81,1,Yellow
37,71,0.02,91,9,89,4,Black
45,75,0.0,87,10,85,3,Red
9,30,0.0,95,6,83,2,Orange
15,9,0.0,113,2,86,3,Red
5,9,0.0,104,4,79,1,Yellow
5,11,0.0,107,5,85,3,Red
2,14,0.0,87,9,69,0,Green
44,93,0.04,78,2,77,1,Yellow
49,78,0.0,68,2,65,0,Green
2,8,0.0,107,4,84,2,Orange
2,21,0.0,57,16,48,0,Green
10,31,0.0,87,5,74,0,Green
91,93,0.06,64,7,64,0,Green
52,68,0.0,89,4,86,3,Red
94,88,0.02,80,11,78,1,Yellow
2,9,0.0,93,6,74,0,Green
0,12,0.0,89,4,72,0,Green
3,20,0.0,95,5,77,1,Yellow
10,11,0.0,109,5,84,2,Orange
37,73,0.0,89,6,87,4,Black
0,10,0.0,91,10,75,0,Green
46,66,0.22,91,6,88,4,Black
8,70,0.0,84,5,82,2,Orange
3,24,0.0,93,5,78,1,Yellow
32,62,0.1,91,2,86,3,Red
26,43,0.0,93,7,85,3,Red
41,72,0.1,89,13,88,4,Black
48,82,0.0,84,2,83,2,Orange
6,9,0.0,98,9,77,1,Yellow
1,35,0.0,82,2,70,0,Green
30,70,0.03,89,7,85,3,Red
60,70,0.23,89,7,85,3,Red
78,57,0.0,86,6,81,1,Yellow
4,10,0.0,96,7,76,0,Green
84,68,0.0,66,3,62,0,Green
3,67,0.0,80,5,75,0,Green
45,74,0.01,84,3,81,1,Yellow
46,63,0.0,87,10,84,2,Orange
21,80,0.06,86,4,83,2,Orange
7,9,0.0,102,3,79,1,Yellow
7,11,0.0,109,6,86,3,Red
17,16,0.0,107,4,86,3,Red
7,75,0.0,89,5,85,3,Red
5,20,0.0,100,2,80,1,Yellow
46,67,0.0,80,6,75,0,Green
21,19,0.0,86,2,73,0,Green
49,66,0.24,87,4,82,2,Orange
5,14,0.0,102,12,81,1,Yellow
1,18,0.0,100,8,83,2,Orange
7,12,0.0,102,11,79,1,Yellow
8,13,0.0,111,3,86,3,Red
38,64,0.29,91,5,86,3,Red
0,55,0.0,69,2,64,0,Green
1,27,0.0,91,3,79,1,Yellow
3,12,0.0,102,10,79,1,Yellow
24,64,0.0,91,4,88,4,Black
16,29,0.0,89,6,78,1,Yellow
3,12,0.0,104,9,84,2,Orange
13,15,0.0,100,4,78,1,Yellow
5,18,0.0,104,5,86,3,Red
35,77,0.0,86,10,84,2,Orange
0,25,0.0,91,3,79,1,Yellow
28,70,0.06,89,7,87,4,Black
4,19,0.0,100,4,80,1,Yellow
16,80,0.0,86,6,83,2,Orange
66,70,0.44,89,7,86,3,Red
7,82,0.0,86,5,82,2,Orange
56,68,0.11,91,9,86,3,Red
57,66,0.05,87,7,84,2,Orange
58,68,0.49,91,3,87,4,Black
79,82,0.99,84,17,82,2,Orange
25,67,0.0,84,2,78,1,Yellow
60,70,0.01,87,5,85,3,Red
0,24,0.0,98,4,84,2,Orange
4,8,0.0,102,3,81,1,Yellow
1,15,0.0,73,3,61,0,Green
67,63,0.11,93,7,87,4,Black
23,60,0.02,93,8,87,4,Black
22,13,0.0,102,9,79,1,Yellow
77,55,0.0,73,15,66,0,Green
9,8,0.0,114,4,88,4,Black
42,78,0.02,87,5,85,3,Red
16,34,0.0,95,3,81,1,Yellow
30,15,0.0,69,11,55,0,Green
6,12,0.0,109,5,86,3,Red
7,72,0.0,87,5,82,2,Orange
75,70,0.92,86,9,83,2,Orange
6,12,0.0,107,5,83,2,Orange
1,61,0.0,82,16,74,0,Green
55,30,0.0,73,10,59,0,Green
97,94,0.02,71,7,70,0,Green
44,65,0.01,86,4,82,2,Orange
61,80,0.17,89,12,88,4,Black
15,70,0.0,89,5,87,4,Black
6,82,0.0,84,4,81,1,Yellow
34,61,0.0,86,2,79,1,Yellow
43,73,0.01,89,9,87,4,Black
27,23,0.0,77,8,64,0,Green
47,64,0.04,93,7,89,4,Black
14,70,0.0,91,6,89,4,Black
3,24,0.0,91,6,77,1,Yellow
28,70,0.09,87,8,83,2,Orange
60,58,0.03,89,9,82,2,Orange
6,9,0.0,107,9,84,2,Orange
3,58,0.0,82,6,75,0,Green
37,66,0.14,91,8,87,4,Black
0,43,0.0,84,11,77,1,Yellow
2,33,0.0,84,2,70,0,Green
36,72,0.0,84,9,79,1,Yellow
19,64,0.0,89,3,86,3,Red
50,66,0.01,89,3,86,3,Red
16,80,0.0,50,4,48,0,Green
17,68,0.01,91,7,88,4,Black
2,11,0.0,84,8,67,0,Green
33,54,0.0,91,13,85,3,Red
2,8,0.0,107,5,85,3,Red
36,80,0.0,86,5,85,3,Red
60,80,0.02,55,9,54,0,Green
0,12,0.0,105,5,84,2,Orange
53,85,0.01,84,7,81,1,Yellow
5,11,0.0,105,3,84,2,Orange
24,68,0.0,89,5,83,2,Orange
7,10,0.0,82,20,63,0,Green
88,81,0.01,73,6,72,0,Green
72,67,0.0,82,2,77,1,Yellow
30,73,0.02,89,9,87,4,Black
6,14,0.0,104,2,81,1,Yellow
29,78,0.0,84,4,81,1,Yellow
14,46,0.0,84,3,75,0,Green
20,81,0.0,77,2,74,0,Green
3,11,0.0,96,13,75,0,Green
5,25,0.0,93,5,79,1,Yellow
23,68,0.0,71,15,68,0,Green
38,70,0.03,89,7,85,3,Red
65,72,0.17,87,5,86,3,Red
4,47,0.0,84,2,78,1,Yellow
14,80,0.0,84,7,83,2,Orange
7,50,0.0,86,4,78,1,Yellow
2,19,0.0,84,5,71,0,Green
0,55,0.0,86,2,80,1,Yellow
3,24,0.0,68,10,59,0,Green
44,66,0.02,91,6,88,4,Black
79,80,0.02,87,11,85,3,Red
83,74,0.06,82,17,79,1,Yellow
44,79,0.18,89,17,87,4,Black
65,100,0.05,53,12,55,0,Green
1,26,0.0,93,3,80,1,Yellow
39,67,0.01,82,4,78,1,Yellow
76,73,0.1,91,9,86,3,Red
2,10,0.0,105,5,85,3,Red
17,74,0.0,89,3,86,3,Red
7,9,0.0,109,5,82,2,Orange
8,10,0.0,91,3,69,0,Green
20,72,0.0,87,5,86,3,Red
41,70,0.04,89,5,87,4,Black
49,36,0.0,93,2,83,2,Orange
42,60,0.0,78,3,72,0,Green
5,12,0.0,98,10,78,1,Yellow
24,83,0.02,86,5,84,2,Orange
29,62,0.17,91,3,85,3,Red
7,10,0.0,109,6,87,4,Black
50,73,0.04,89,3,87,4,Black
1,25,0.0,95,3,83,2,Orange
5,77,0.0,80,5,77,1,Yellow
2,24,0.0,102,5,88,4,Black
52,72,0.32,86,7,82,2,Orange
15,11,0.0,98,13,76,0,Green
36,63,0.0,87,8,85,3,Red
40,68,0.04,91,4,88,4,Black
28,68,0.01,87,5,86,3,Red
12,17,0.0,107,3,89,4,Black
0,57,0.0,71,1,65,0,Green
8,30,0.0,84,2,70,0,Green
56,72,0.08,89,13,87,4,Black
2,9,0.0,107,5,85,3,Red
36,68,0.0,91,6,88,4,Black
36,68,0.0,91,6,87,4,Black
17,67,0.0,82,6,79,1,Yellow
64,65,0.0,82,5,78,1,Yellow
70,61,0.07,82,6,78,1,Yellow
2,11,0.0,105,6,85,3,Red
2,11,0.0,105,4,83,2,Orange
29,73,0.04,89,5,87,4,Black
6,13,0.0,84,7,64,0,Green
4,8,0.0,113,4,86,3,Red
3,10,0.0,95,8,76,0,Green
5,10,0.0,109,6,87,4,Black
3,11,0.0,105,2,82,2,Orange
4,11,0.0,98,10,75,0,Green
5,12,0.0,109,3,85,3,Red
41,70,0.03,91,12,87,4,Black
45,74,0.01,82,3,80,1,Yellow
1,48,0.0,84,11,77,1,Yellow
2,18,0.0,96,6,81,1,Yellow
84,85,0.2,82,5,79,1,Yellow
34,68,0.0,84,3,82,2,Orange
48,68,0.06,91,7,87,4,Black
12,19,0.0,100,3,80,1,Yellow
4,11,0.0,111,5,89,4,Black
8,23,0.0,89,4,71,0,Green
61,75,0.02,87,5,85,3,Red
100,93,0.01,66,5,64,0,Green
1,54,0.0,89,6,81,1,Yellow
11,54,0.0,89,6,81,1,Yellow
39,70,0.04,89,6,88,4,Black
5,11,0.0,105,3,82,2,Orange
55,68,0.0,71,5,67,0,Green
38,66,0.01,93,5,88,4,Black
43,65,0.0,84,5,78,1,Yellow
16,70,0.0,89,5,88,4,Black
9,17,0.0,68,2,53,0,Green
8,7,0.0,113,5,85,3,Red
4,9,0.0,102,2,82,2,Orange
16,17,0.0,102,5,84,2,Orange
37,73,0.11,89,6,87,4,Black
47,80,0.0,84,2,83,2,Orange
22,62,0.0,91,4,88,4,Black
16,66,0.0,91,5,88,4,Black
43,66,0.01,89,2,87,4,Black
48,72,0.17,87,9,85,3,Red
5,8,0.0,114,6,89,4,Black
4,13,0.0,107,5,88,4,Black
3,46,0.0,87,5,79,1,Yellow
76,88,0.0,68,11,65,0,Green
7,10,0.0,105,4,83,2,Orange
36,20,0.0,91,4,77,1,Yellow
7,10,0.0,107,7,82,2,Orange
3,40,0.0,89,5,80,1,Yellow
1,29,0.0,89,6,78,1,Yellow
28,70,0.07,89,7,87,4,Black
0,16,0.0,98,10,79,1,Yellow
26,72,0.01,87,2,85,3,Red
54,80,0.09,86,9,84,2,Orange
0,23,0.0,100,8,82,2,Orange
0,11,0.0,93,12,73,0,Green
3,10,0.0,100,3,80,1,Yellow
9,8,0.0,116,7,88,4,Black
1,19,0.0,73,6,61,0,Green
2,8,0.0,102,3,81,1,Yellow
4,17,0.0,107,4,89,4,Black
3,15,0.0,93,12,77,1,Yellow
4,11,0.0,104,5,84,2,Orange
33,77,0.0,89,6,88,4,Black
23,72,0.0,89,8,88,4,Black
18,24,0.0,80,6,65,0,Green
25,57,0.0,89,6,81,1,Yellow
4,15,0.0,84,7,70,0,Green
100,81,0.01,68,4,65,0,Green
9,59,0.0,86,5,82,2,Orange
3,17,0.0,98,8,79,1,Yellow
17,15,0.0,71,8,57,0,Green
53,68,0.56,89,4,86,3,Red
30,68,0.01,91,9,88,4,Black
22,77,0.0,89,9,87,4,Black
64,77,0.66,87,9,87,4,Black
1,50,0.0,87,7,79,1,Yellow
38,64,0.52,91,6,86,3,Red
8,8,0.0,113,3,88,4,Black
6,59,0.0,82,5,79,1,Yellow
74,63,0.0,82,4,77,1,Yellow
7,13,0.0,109,5,88,4,Black
39,80,0.01,87,5,86,3,Red
51,83,0.0,64,7,61,0,Green
100,87,0.1,71,5,69,0,Green
3,13,0.0,104,2,85,3,Red
52,79,0.41,86,9,85,3,Red
3,21,0.0,104,3,87,4,Black
10,23,0.0,93,3,80,1,Yellow
52,80,0.06,84,5,82,2,Orange
97,87,0.03,68,6,67,0,Green
3,6,0.0,102,2,78,1,Yellow
2,19,0.0,98,2,79,1,Yellow
9,85,0.0,78,8,75,0,Green
4,50,0.0,89,6,82,2,Orange
36,77,0.1,89,9,86,3,Red
8,13,0.0,111,2,86,3,Red
2,49,0.0,89,10,81,1,Yellow
5,15,0.0,107,2,87,4,Black
5,11,0.0,107,4,82,2,Orange
39,88,0.04,82,4,80,1,Yellow
44,74,0.0,78,10,74,0,Green
3,12,0.0,100,2,81,1,Yellow
1,20,0.0,96,7,81,1,Yellow
9,20,0.0,93,4,74,0,Green
1,9,0.0,89,3,71,0,Green
19,9,0.0,104,5,82,2,Orange
95,79,0.03,75,16,71,0,Green
46,70,0.01,87,2,85,3,Red
1,21,0.0,82,8,69,0,Green
10,16,0.0,75,5,63,0,Green
62,67,0.17,89,8,85,3,Red
99,91,0.03,75,8,73,0,Green
4,7,0.0,109,3,83,2,Orange
56,77,0.06,86,7,85,3,Red
4,18,0.0,93,4,77,1,Yellow
31,63,0.0,86,18,82,2,Orange
44,77,0.01,84,2,83,2,Orange
11,27,0.0,71,2,59,0,Green
13,60,0.0,62,7,56,0,Green
1,13,0.0,100,3,82,2,Orange
2,24,0.0,95,3,81,1,Yellow
2,12,0.0,73,19,57,0,Green
34,68,0.06,89,5,87,4,Black
12,77,0.0,87,6,86,3,Red
6,10,0.0,107,3,84,2,Orange
49,68,0.01,89,3,86,3,Red
5,13,0.0,111,2,88,4,Black
30,75,0.0,87,6,83,2,Orange
34,78,0.01,89,6,86,3,Red
3,11,0.0,107,7,87,4,Black
6,9,0.0,104,4,80,1,Yellow
6,14,0.0,95,3,78,1,Yellow
52,61,0.06,89,3,84,2,Orange
3,19,0.0,96,3,80,1,Yellow
31,73,0.0,89,5,88,4,Black
0,51,0.0,80,6,72,0,Green
3,16,0.0,77,6,61,0,Green
10,11,0.0,96,5,78,1,Yellow
25,51,0.0,86,5,80,1,Yellow
56,71,0.06,80,4,76,0,Green
65,68,0.04,91,7,87,4,Black
2,15,0.0,78,11,65,0,Green
91,73,0.03,75,6,71,0,Green
46,82,0.19,84,11,84,2,Orange
15,17,0.0,100,3,79,1,Yellow
6,13,0.0,107,4,87,4,Black
33,75,0.01,86,7,86,3,Red
38,78,0.01,87,5,85,3,Red
7,88,0.0,82,2,80,1,Yellow
4,22,0.0,82,5,70,0,Green
13,74,0.0,82,5,79,1,Yellow
67,79,0.0,84,11,80,1,Yellow
40,70,0.0,91,6,88,4,Black
8,9,0.0,107,4,82,2,Orange
28,80,0.02,86,4,82,2,Orange
20,72,0.0,84,11,79,1,Yellow
31,66,0.17,89,3,83,2,Orange
13,80,0.02,86,6,83,2,Orange
2,36,0.0,87,4,79,1,Yellow
9,68,0.0,69,2,67,0,Green
4,10,0.0,95,8,74,0,Green
47,75,0.02,89,9,88,4,Black
43,75,0.02,89,7,87,4,Black
41,66,0.32,89,5,84,2,Orange
48,84,0.0,75,5,74,0,Green
28,68,0.03,89,8,87,4,Black
17,73,0.0,89,9,89,4,Black
6,27,0.0,91,2,75,0,Green
100,87,0.01,75,6,74,0,Green
51,71,0.08,89,9,85,3,Red
1,33,0.0,82,2,69,0,Green
17,70,0.0,89,4,87,4,Black
33,91,0.02,82,2,82,2,Orange
7,10,0.0,102,5,79,1,Yellow
32,65,0.0,84,4,79,1,Yellow
3,34,0.0,62,10,56,0,Green
3,8,0.0,113,5,86,3,Red
1,23,0.0,95,5,82,2,Orange
6,13,0.0,109,4,85,3,Red
7,10,0.0,104,3,82,2,Orange
2,20,0.0,93,3,79,1,Yellow
33,77,0.0,87,5,84,2,Orange
4,9,0.0,107,4,84,2,Orange
70,82,0.0,82,3,78,1,Yellow
3,43,0.0,91,5,84,2,Orange
22,16,0.0,84,6,66,0,Green
39,70,0.03,86,8,82,2,Orange
13,18,0.0,95,7,80,1,Yellow
36,70,0.0,91,6,88,4,Black
5,8,0.0,109,5,85,3,Red
81,82,0.0,80,17,77,1,Yellow
23,13,0.0,91,9,73,0,Green
19,67,0.0,86,5,82,2,Orange
24,10,0.0,100,7,78,1,Yellow
3,23,0.0,102,4,88,4,Black
18,66,0.01,91,5,89,4,Black
3,7,0.0,113,5,86,3,Red
18,77,0.02,86,5,84,2,Orange
2,30,0.0,91,2,80,1,Yellow
2,23,0.0,73,6,62,0,Green
33,77,0.0,89,5,88,4,Black
0,50,0.0,91,7,82,2,Orange
5,19,0.0,68,9,54,0,Green
56,61,0.29,91,3,85,3,Red
23,72,0.01,89,6,84,2,Orange
6,15,0.0,91,12,70,0,Green
70,70,0.2,89,8,84,2,Orange
11,45,0.0,57,7,50,0,Green
54,54,0.0,91,7,85,3,Red
0,50,0.0,91,9,83,2,Orange
46,70,0.32,86,5,81,1,Yellow
37,57,0.0,87,14,83,2,Orange
0,11,0.0,107,4,85,3,Red
21,56,0.0,89,11,82,2,Orange
5,12,0.0,104,2,85,3,Red
17,75,0.13,89,7,88,4,Black
18,70,0.0,89,6,88,4,Black
5,9,0.0,107,3,84,2,Orange
6,59,0.0,82,5,78,1,Yellow
24,76,0.0,73,5,70,0,Green
3,8,0.0,111,3,86,3,Red
50,82,0.25,86,12,83,2,Orange
12,66,0.0,91,8,86,3,Red
26,77,0.02,84,6,83,2,Orange
68,90,0.03,71,5,70,0,Green
83,77,0.05,86,7,83,2,Orange
3,14,0.0,104,3,84,2,Orange
43,79,0.12,86,9,85,3,Red
36,66,0.03,89,7,85,3,Red
5,17,0.0,95,6,79,1,Yellow
26,74,0.06,82,10,78,1,Yellow
5,10,0.0,102,7,80,1,Yellow
2,24,0.0,89,5,77,1,Yellow
0,32,0.0,93,5,82,2,Orange
65,66,0.33,89,6,84,2,Orange
37,69,0.0,77,7,72,0,Green
12,58,0.0,82,5,79,1,Yellow
7,10,0.0,113,4,88,4,Black
3,11,0.0,107,4,86,3,Red
49,67,0.76,89,8,86,3,Red
24,66,0.0,89,4,86,3,Red
28,79,0.01,86,7,82,2,Orange
1,8,0.0,107,5,83,2,Orange
1,41,0.0,84,2,77,1,Yellow
62,69,0.1,91,12,86,3,Red
50,72,0.08,87,7,85,3,Red
23,70,0.01,89,7,85,3,Red
70,75,0.0,86,6,85,3,Red
8,10,0.0,111,6,85,3,Red
64,52,0.01,93,13,85,3,Red
47,85,0.0,84,9,81,1,Yellow
96,97,0.01,73,8,73,0,Green
69,72,0.12,89,14,87,4,Black
45,33,0.0,87,7,76,0,Green
5,11,0.0,105,8,83,2,Orange
12,52,0.0,66,8,61,0,Green
2,11,0.0,105,5,82,2,Orange
2,40,0.0,91,3,82,2,Orange
5,61,0.0,87,7,84,2,Orange
12,12,0.0,105,11,81,1,Yellow
6,10,0.0,104,2,80,1,Yellow
2,13,0.0,104,2,86,3,Red
31,68,0.06,89,4,87,4,Black
54,72,0.0,80,5,78,1,Yellow
44,78,0.16,87,11,86,3,Red
14,65,0.0,86,4,84,2,Orange
74,81,0.01,68,6,66,0,Green
5,14,0.0,100,5,78,1,Yellow
47,75,0.0,86,2,85,3,Red
37,80,0.02,84,10,82,2,Orange
4,12,0.0,102,8,82,2,Orange
6,9,0.0,107,5,83,2,Orange
52,68,0.02,89,4,87,4,Black
14,27,0.0,91,8,75,0,Green
0,9,0.0,104,4,81,1,Yellow
39,68,0.17,87,3,82,2,Orange
21,66,0.0,89,12,85,3,Red
2,8,0.0,95,4,76,0,Green
98,81,0.06,73,5,71,0,Green
11,51,0.0,84,5,79,1,Yellow
19,75,0.01,87,8,86,3,Red
22,58,0.0,91,4,83,2,Orange
7,13,0.0,98,11,77,1,Yellow
9,21,0.0,86,8,72,0,Green
26,68,0.0,91,5,89,4,Black
16,66,0.0,91,5,89,4,Black
4,53,0.0,84,4,77,1,Yellow
3,28,0.0,98,2,85,3,Red
7,9,0.0,111,5,85,3,Red
20,70,0.0,89,7,87,4,Black
65,68,0.0,69,3,67,0,Green
7,16,0.0,107,4,87,4,Black
5,10,0.0,107,5,85,3,Red
42,68,0.01,89,3,87,4,Black
6,9,0.0,111,4,85,3,Red
55,77,0.06,86,7,85,3,Red
13,56,0.0,87,5,83,2,Orange
5,11,0.0,111,2,86,3,Red
2,19,0.0,75,9,64,0,Green
78,70,0.07,91,13,87,4,Black
37,79,0.0,77,2,77,1,Yellow
17,21,0.0,89,4,76,0,Green
37,66,0.04,89,5,85,3,Red
4,7,0.0,104,4,79,1,Yellow
56,63,0.01,89,8,83,2,Orange
8,28,0.0,84,2,74,0,Green
54,65,0.0,87,7,82,2,Orange
8,11,0.0,109,6,86,3,Red
2,12,0.0,107,3,87,4,Black
51,70,0.01,89,8,85,3,Red
14,86,0.0,53,4,50,0,Green
3,12,0.0,84,10,66,0,Green
57,75,0.03,87,5,86,3,Red
47,59,0.0,89,7,86,3,Red
20,62,0.02,93,7,88,4,Black
16,11,0.0,107,1,83,2,Orange
63,70,0.44,86,5,82,2,Orange
49,67,0.03,89,9,86,3,Red
1,53,0.0,82,12,75,0,Green
17,70,0.0,89,7,88,4,Black
68,78,0.1,89,10,87,4,Black
1,8,0.0,109,6,84,2,Orange
5,11,0.0,109,2,85,3,Red
18,60,0.0,93,5,90,4,Black
3,36,0.0,91,9,79,1,Yellow
3,14,0.0,107,2,88,4,Black
11,80,0.0,87,7,87,4,Black
2,11,0.0,98,3,79,1,Yellow
8,12,0.0,95,8,76,0,Green
6,85,0.0,84,4,81,1,Yellow
33,72,0.05,87,7,85,3,Red
43,74,0.01,89,9,85,3,Red
24,55,0.0,86,11,80,1,Yellow
91,76,0.01,75,10,73,0,Green
13,20,0.0,78,7,64,0,Green
42,77,0.0,87,5,87,4,Black
5,15,0.0,109,3,88,4,Black
23,13,0.0,89,5,69,0,Green
11,11,0.0,111,4,87,4,Black
3,33,0.0,89,8,78,1,Yellow
37,80,0.01,86,4,86,3,Red
42,68,0.05,87,4,83,2,Orange
34,70,0.03,91,9,88,4,Black
28,68,0.01,86,11,82,2,Orange
25,61,0.0,91,8,87,4,Black
15,77,0.0,59,4,59,0,Green
8,36,0.0,93,7,84,2,Orange
19,28,0.0,68,3,55,0,Green
4,8,0.0,100,7,78,1,Yellow
56,77,0.13,86,10,86,3,Red
47,74,0.06,86,9,82,2,Orange
63,59,0.0,91,9,85,3,Red
100,76,0.01,75,3,71,0,Green
3,15,0.0,89,3,73,0,Green
3,11,0.0,100,7,79,1,Yellow
4,9,0.0,113,7,86,3,Red
10,44,0.0,91,5,81,1,Yellow
72,70,0.0,82,7,79,1,Yellow
83,84,0.03,66,7,64,0,Green
66,64,0.01,87,3,82,2,Orange
9,82,0.01,86,10,83,2,Orange
37,64,0.15,93,6,88,4,Black
28,68,0.0,91,6,86,3,Red
4,9,0.0,113,6,88,4,Black
15,17,0.0,107,4,87,4,Black
46,70,0.01,87,3,85,3,Red
9,29,0.0,80,3,66,0,Green
8,15,0.0,109,3,89,4,Black
3,51,0.0,86,5,80,1,Yellow
20,66,0.0,91,8,88,4,Black
56,59,0.0,89,6,85,3,Red
90,81,0.0,64,2,61,0,Green
3,17,0.0,82,5,69,0,Green
1,18,0.0,80,5,66,0,Green
4,8,0.0,109,11,86,3,Red
42,64,0.11,91,6,87,4,Black
6,14,0.0,104,4,84,2,Orange
6,10,0.0,109,9,85,3,Red
45,63,0.1,89,2,84,2,Orange
36,66,0.0,91,3,88,4,Black
5,11,0.0,93,4,74,0,Green
23,54,0.0,91,9,85,3,Red
20,16,0.0,93,9,74,0,Green
44,70,0.01,86,8,84,2,Orange
34,72,0.09,89,15,88,4,Black
25,77,0.0,87,5,87,4,Black
2,9,0.0,105,6,83,2,Orange
35,70,0.01,89,2,87,4,Black
41,66,0.0,89,9,86,3,Red
14,13,0.0,93,5,72,0,Green
17,30,0.0,89,5,79,1,Yellow
1,11,0.0,107,3,86,3,Red
51,64,0.5,89,6,85,3,Red
0,11,0.0,109,2,85,3,Red
100,100,0.08,68,8,68,0,Green
53,80,0.02,86,7,82,2,Orange
86,97,0.67,78,4,77,1,Yellow
21,77,0.0,86,9,86,3,Red
62,80,0.06,84,5,81,1,Yellow
16,68,0.0,91,5,88,4,Black
79,71,0.0,69,2,67,0,Green
21,70,0.0,89,4,87,4,Black
62,73,0.32,89,13,87,4,Black
3,13,0.0,93,7,72,0,Green
39,71,0.18,91,15,87,4,Black
2,8,0.0,111,5,86,3,Red
45,33,0.0,66,12,57,0,Green
63,70,0.52,89,4,84,2,Orange
3,11,0.0,105,7,85,3,Red
36,72,0.16,89,6,85,3,Red
3,18,0.0,105,2,88,4,Black
2,12,0.0,107,4,87,4,Black
38,69,0.0,80,4,78,1,Yellow
59,75,1.32,89,10,87,4,Black
2,9,0.0,109,4,87,4,Black
42,73,0.18,89,14,86,3,Red
1,63,0.0,82,2,79,1,Yellow
28,72,0.03,86,8,86,3,Red
2,15,0.0,100,3,82,2,Orange
51,66,0.0,89,3,87,4,Black
59,75,0.01,86,9,83,2,Orange
64,80,0.25,82,6,79,1,Yellow
77,81,0.0,68,5,66,0,Green
46,70,0.03,89,6,88,4,Black
1,15,0.0,102,5,82,2,Orange
14,58,0.0,93,5,89,4,Black
46,65,0.0,84,8,78,1,Yellow
43,61,0.0,80,4,73,0,Green
3,56,0.0,87,2,82,2,Orange
34,72,0.04,89,9,88,4,Black
41,70,0.0,89,7,87,4,Black
1,36,0.0,86,10,75,0,Green
6,14,0.0,105,12,83,2,Orange
4,23,0.0,98,3,83,2,Orange
3,7,0.0,113,5,85,3,Red
100,97,0.02,69,9,68,0,Green
45,72,0.6,87,8,84,2,Orange
24,16,0.0,100,11,81,1,Yellow
37,81,0.0,77,5,74,0,Green
50,77,0.01,84,12,83,2,Orange
87,82,0.03,80,10,77,1,Yellow
4,15,0.0,100,3,77,1,Yellow
39,68,0.04,89,6,85,3,Red
13,9,0.0,100,12,79,1,Yellow
17,66,0.0,86,6,84,2,Orange
2,33,0.0,75,5,64,0,Green
1,19,0.0,87,2,73,0,Green
20,65,0.0,91,9,87,4,Black
29,68,0.0,91,5,85,3,Red
5,51,0.0,57,8,51,0,Green
3,24,0.0,86,2,70,0,Green
3,10,0.0,111,4,89,4,Black
4,7,0.0,109,3,84,2,Orange
8,13,0.0,107,5,87,4,Black
10,14,0.0,84,9,65,0,Green
8,72,0.0,89,7,84,2,Orange
8,10,0.0,105,5,81,1,Yellow
26,73,0.0,89,6,87,4,Black
3,12,0.0,109,3,88,4,Black
1,34,0.0,87,4,79,1,Yellow
4,9,0.0,113,6,86,3,Red
2,11,0.0,98,2,79,1,Yellow
5,13,0.0,111,3,87,4,Black
30,65,0.0,84,5,82,2,Orange
60,90,0.47,80,2,77,1,Yellow
2,12,0.0,105,8,85,3,Red
11,15,0.0,89,9,70,0,Green
2,10,0.0,111,6,88,4,Black
0,10,0.0,105,5,84,2,Orange
4,11,0.0,107,3,85,3,Red
38,82,0.3,87,11,88,4,Black
1,14,0.0,91,1,74,0,Green
4,11,0.0,107,6,86,3,Red
32,70,0.0,89,6,87,4,Black
34,70,0.0,91,5,89,4,Black
52,42,0.0,86,6,79,1,Yellow
79,77,0.08,89,12,87,4,Black
25,46,0.0,89,5,80,1,Yellow
9,14,0.0,104,4,85,3,Red
2,37,0.0,91,2,79,1,Yellow
3,28,0.0,89,5,77,1,Yellow
61,80,0.13,84,11,83,2,Orange
49,70,0.01,84,4,82,2,Orange
4,19,0.0,95,15,76,0,Green
93,90,1.29,80,16,79,1,Yellow
24,39,0.0,93,6,82,2,Orange
40,77,0.04,87,7,86,3,Red
7,13,0.0,96,6,75,0,Green
50,66,0.0,87,12,82,2,Orange
12,60,0.01,91,4,87,4,Black
12,84,0.0,73,2,71,0,Green
5,8,0.0,113,3,86,3,Red
3,20,0.0,98,5,82,2,Orange
9,60,0.0,75,7,70,0,Green
64,72,0.42,86,5,82,2,Orange
25,70,0.01,87,5,86,3,Red
47,56,0.0,89,13,83,2,Orange
6,8,0.0,107,3,82,2,Orange
20,58,0.01,93,4,86,3,Red
4,14,0.0,109,2,88,4,Black
20,67,0.0,78,11,72,0,Green
45,39,0.01,95,8,85,3,Red
6,68,0.0,91,9,86,3,Red
10,9,0.0,109,4,83,2,Orange
2,9,0.0,111,5,86,3,Red
2,9,0.0,107,2,85,3,Red
2,11,0.0,111,5,87,4,Black
1,23,0.0,78,1,66,0,Green
43,75,0.06,87,8,86,3,Red
57,91,0.28,78,8,77,1,Yellow
69,75,0.02,84,17,81,1,Yellow
2,20,0.0,98,4,82,2,Orange
18,43,0.0,62,5,54,0,Green
47,94,0.07,80,4,79,1,Yellow
0,16,0.0,104,3,85,3,Red
47,75,0.12,87,9,85,3,Red
54,54,0.03,91,10,85,3,Red
2,21,0.0,93,5,78,1,Yellow
63,70,0.11,89,7,84,2,Orange
3,18,0.0,98,5,83,2,Orange
62,70,0.06,89,7,84,2,Orange
42,72,0.0,82,8,76,0,Green
39,90,0.08,80,2,77,1,Yellow
4,14,0.0,109,2,89,4,Black
4,17,0.0,102,5,85,3,Red
32,80,0.03,87,9,87,4,Black
25,75,0.01,87,9,84,2,Orange
43,93,0.07,80,3,79,1,Yellow
2,14,0.0,100,5,83,2,Orange
30,63,0.0,80,5,75,0,Green
57,67,0.05,89,8,86,3,Red
6,8,0.0,111,5,85,3,Red
1,72,0.0,82,5,81,1,Yellow
40,70,0.07,84,4,78,1,Yellow
0,71,0.0,78,5,73,0,Green
10,29,0.0,68,5,61,0,Green
50,73,0.04,89,13,85,3,Red
39,35,0.0,86,6,75,0,Green
55,70,0.03,89,8,87,4,Black
6,17,0.0,86,4,68,0,Green
2,16,0.0,93,1,75,0,Green
29,64,0.0,55,5,53,0,Green
0,22,0.0,100,5,84,2,Orange
56,63,0.04,91,9,86,3,Red
42,72,0.05,89,14,87,4,Black
45,82,0.36,84,12,81,1,Yellow
8,20,0.0,78,4,66,0,Green
16,66,0.0,91,8,87,4,Black
5,16,0.0,86,10,71,0,Green
63,87,0.05,80,3,78,1,Yellow
5,11,0.0,105,5,82,2,Orange
6,9,0.0,111,5,86,3,Red
24,65,0.0,91,8,87,4,Black
62,77,0.17,86,5,84,2,Orange
49,71,0.09,89,9,86,3,Red
1,77,0.0,75,7,70,0,Green
3,11,0.0,105,8,82,2,Orange
8,12,0.0,100,8,81,1,Yellow
25,67,0.0,80,11,73,0,Green
32,72,0.02,87,7,86,3,Red
4,11,0.0,100,8,77,1,Yellow
2,9,0.0,111,4,86,3,Red
48,63,0.02,91,6,87,4,Black
7,19,0.0,77,7,62,0,Green
33,75,0.0,82,6,78,1,Yellow
37,70,0.04,89,6,88,4,Black
3,54,0.0,91,9,85,3,Red
49,64,0.0,82,18,78,1,Yellow
16,64,0.0,89,3,87,4,Black
17,64,0.0,91,4,89,4,Black
2,20,0.0,95,6,76,0,Green
70,77,0.0,82,4,78,1,Yellow
4,19,0.0,98,7,82,2,Orange
5,56,0.0,87,5,82,2,Orange
18,78,0.0,86,8,82,2,Orange
26,11,0.0,102,4,83,2,Orange
62,63,0.0,84,8,79,1,Yellow
8,15,0.0,100,7,80,1,Yellow
38,57,0.0,86,11,80,1,Yellow
56,82,0.01,84,11,80,1,Yellow
63,68,0.56,89,3,85,3,Red
11,14,0.0,105,4,84,2,Orange
1,21,0.0,82,3,69,0,Green
1,18,0.0,95,4,80,1,Yellow
50,72,0.05,91,15,87,4,Black
33,80,0.0,86,6,85,3,Red
2,21,0.0,86,9,73,0,Green
77,68,0.0,71,3,66,0,Green
45,85,0.19,84,3,81,1,Yellow
35,69,0.04,82,5,77,1,Yellow
3,6,0.0,98,5,75,0,Green
67,83,0.0,80,2,77,1,Yellow
1,67,0.0,80,2,77,1,Yellow
3,15,0.0,98,4,81,1,Yellow
8,9,0.0,111,4,85,3,Red
45,57,0.0,89,7,83,2,Orange
6,8,0.0,107,5,82,2,Orange
9,56,0.0,87,5,81,1,Yellow
5,14,0.0,109,5,85,3,Red
43,55,0.0,89,8,82,2,Orange
14,72,0.0,91,7,87,4,Black
0,14,0.0,104,14,81,1,Yellow
4,12,0.0,111,3,87,4,Black
5,8,0.0,104,10,79,1,Yellow
83,77,0.02,77,6,74,0,Green
6,17,0.0,86,11,69,0,Green
53,68,0.17,89,9,84,2,Orange
6,7,0.0,102,2,77,1,Yellow
45,66,0.0,89,9,86,3,Red
41,67,0.01,89,7,87,4,Black
25,62,0.0,91,3,88,4,Black
49,78,0.02,87,14,84,2,Orange
82,88,0.27,73,6,73,0,Green
62,72,0.17,89,4,84,2,Orange
9,59,0.0,86,6,82,2,Orange
8,23,0.0,77,5,63,0,Green
2,13,0.0,100,3,81,1,Yellow
2,16,0.0,100,5,82,2,Orange
39,77,0.01,87,5,87,4,Black
100,87,0.03,68,9,66,0,Green
72,91,0.38,80,9,77,1,Yellow
48,61,0.01,89,8,86,3,Red
7,8,0.0,114,6,87,4,Black
34,72,0.0,89,4,87,4,Black
16,80,0.0,87,9,87,4,Black
100,94,0.09,71,5,69,0,Green
1,21,0.0,100,5,84,2,Orange
2,8,0.0,109,4,87,4,Black
1,32,0.0,91,4,79,1,Yellow
36,66,0.0,87,7,85,3,Red
46,84,0.0,73,2,71,0,Green
5,21,0.0,64,5,53,0,Green
17,73,0.0,91,7,89,4,Black
49,85,1.15,84,7,83,2,Orange
0,24,0.0,98,2,85,3,Red
4,14,0.0,87,9,68,0,Green
2,11,0.0,104,6,84,2,Orange
46,60,0.0,91,8,87,4,Black
4,27,0.0,68,7,59,0,Green
21,83,0.0,86,9,85,3,Red
22,68,0.0,86,12,83,2,Orange
5,12,0.0,104,6,85,3,Red
1,12,0.0,107,4,87,4,Black
39,70,0.0,86,6,85,3,Red
28,70,0.0,89,6,87,4,Black
45,80,0.04,86,2,86,3,Red
6,9,0.0,111,10,85,3,Red
2,11,0.0,102,6,82,2,Orange
34,74,0.03,89,9,85,3,Red
4,7,0.0,113,7,86,3,Red
37,72,0.02,89,6,88,4,Black
3,43,0.0,89,5,79,1,Yellow
50,72,0.14,91,9,87,4,Black
34,68,0.0,91,6,86,3,Red
4,10,0.0,113,3,88,4,Black
64,68,0.37,89,5,84,2,Orange
2,48,0.0,84,5,78,1,Yellow
0,17,0.0,100,4,83,2,Orange
28,64,0.01,89,5,87,4,Black
61,78,0.03,87,9,84,2,Orange
6,11,0.0,111,5,87,4,Black
4,10,0.0,111,2,87,4,Black
18,70,0.0,89,5,88,4,Black
69,72,0.24,82,4,79,1,Yellow
7,12,0.0,98,12,77,1,Yellow
4,25,0.0,91,3,75,0,Green
47,70,0.0,89,3,87,4,Black
5,10,0.0,109,4,85,3,Red
33,57,0.0,89,6,85,3,Red
1,70,0.0,84,9,78,1,Yellow
51,71,0.11,89,10,87,4,Black
24,74,0.0,86,3,84,2,Orange
92,78,0.0,62,4,60,0,Green
87,87,0.01,68,3,67,0,Green
8,9,0.0,104,3,78,1,Yellow
2,19,0.0,91,4,77,1,Yellow
58,64,0.52,91,4,85,3,Red
24,70,0.0,87,5,86,3,Red
14,24,0.0,75,5,60,0,Green
49,77,0.05,86,8,84,2,Orange
54,56,0.0,86,7,81,1,Yellow
1,37,0.0,89,7,77,1,Yellow
6,10,0.0,111,4,87,4,Black
25,90,0.0,57,3,58,0,Green
58,59,0.01,89,9,86,3,Red
63,70,0.07,89,5,84,2,Orange
5,26,0.0,73,3,60,0,Green
34,62,0.42,91,5,86,3,Red
65,73,0.02,87,9,83,2,Orange
37,70,0.11,89,7,88,4,Black
4,9,0.0,102,8,78,1,Yellow
15,70,0.0,89,5,88,4,Black
18,60,0.0,82,7,80,1,Yellow
10,80,0.0,87,10,87,4,Black
21,72,0.02,89,5,86,3,Red
5,10,0.0,107,5,84,2,Orange
6,21,0.0,96,3,82,2,Orange
36,70,0.0,89,6,84,2,Orange
31,24,0.0,75,7,61,0,Green
33,70,0.01,87,9,84,2,Orange
6,28,0.0,91,5,77,1,Yellow
45,63,0.0,87,10,84,2,Orange
41,55,0.0,89,6,82,2,Orange
58,68,0.29,89,3,85,3,Red
1,39,0.0,91,5,82,2,Orange
5,25,0.0,75,9,65,0,Green
2,63,0.0,86,5,82,2,Orange
3,21,0.0,80,4,66,0,Green
46,73,0.18,89,5,87,4,Black
66,69,0.15,91,12,87,4,Black
58,66,0.75,89,5,85,3,Red
59,70,0.13,89,4,84,2,Orange
97,94,0.02,77,9,75,0,Green
64,68,0.06,89,12,86,3,Red
27,55,0.0,84,6,76,0,Green
44,73,0.0,87,10,83,2,Orange
20,68,0.0,89,8,87,4,Black
4,12,0.0,107,5,87,4,Black
7,9,0.0,105,6,82,2,Orange
2,26,0.0,95,4,80,1,Yellow
6,60,0.0,59,7,57,0,Green
70,96,0.01,71,4,69,0,Green
3,12,0.0,77,25,62,0,Green
14,12,0.0,91,4,71,0,Green
32,70,0.18,89,6,88,4,Black
29,73,0.0,89,6,86,3,Red
4,9,0.0,102,4,80,1,Yellow
2,33,0.0,87,2,77,1,Yellow
4,21,0.0,89,2,77,1,Yellow
4,23,0.0,95,4,79,1,Yellow
4,9,0.0,100,4,79,1,Yellow
6,11,0.0,107,7,87,4,Black
3,20,0.0,71,2,56,0,Green
55,85,0.41,84,8,84,2,Orange
18,66,0.0,91,6,88,4,Black
68,79,0.48,84,6,80,1,Yellow
48,66,0.04,91,7,89,4,Black
50,72,0.01,84,2,80,1,Yellow
13,75,0.0,89,5,86,3,Red
4,8,0.0,100,10,77,1,Yellow
7,8,0.0,113,11,85,3,Red
4,9,0.0,111,7,87,4,Black
30,63,0.0,86,12,80,1,Yellow
41,72,0.0,89,6,85,3,Red
0,37,0.0,87,6,76,0,Green
53,66,0.52,89,6,84,2,Orange
36,80,0.01,89,11,88,4,Black
0,36,0.0,86,7,74,0,Green
14,75,0.02,89,8,85,3,Red
66,70,0.03,89,7,86,3,Red
7,11,0.0,105,3,82,2,Orange
43,85,0.05,77,10,75,0,Green
6,14,0.0,109,2,88,4,Black
52,61,0.02,82,11,76,0,Green
90,70,0.0,66,3,63,0,Green
44,75,0.19,86,4,82,2,Orange
3,8,0.0,111,4,86,3,Red
6,57,0.0,86,4,83,2,Orange
100,73,0.01,71,5,68,0,Green
12,15,0.0,91,5,75,0,Green
59,73,0.46,89,4,86,3,Red
26,75,0.0,89,6,87,4,Black
22,66,0.01,89,7,83,2,Orange
5,14,0.0,109,2,87,4,Black
25,79,0.0,84,7,83,2,Orange
19,65,0.0,84,10,81,1,Yellow
51,68,0.04,91,7,86,3,Red
36,68,0.11,91,7,88,4,Black
19,77,0.0,84,5,81,1,Yellow
45,78,0.02,87,10,84,2,Orange
99,83,0.63,82,16,79,1,Yellow
68,72,0.18,89,9,87,4,Black
10,5,0.0,102,5,79,1,Yellow
1,12,0.0,102,6,83,2,Orange
2,17,0.0,105,5,87,4,Black
21,73,0.01,89,9,88,4,Black
8,11,0.0,105,7,82,2,Orange
0,12,0.0,89,12,70,0,Green
5,10,0.0,109,9,86,3,Red
8,8,0.0,93,5,69,0,Green
7,60,0.0,91,5,88,4,Black
17,59,0.0,86,14,79,1,Yellow
5,9,0.0,109,3,83,2,Orange
72,54,0.0,75,2,69,0,Green
7,15,0.0,89,12,69,0,Green
49,64,0.0,89,10,85,3,Red
57,74,0.11,86,5,82,2,Orange
47,61,0.0,89,7,86,3,Red
20,73,0.0,87,8,83,2,Orange
5,15,0.0,109,5,86,3,Red
3,34,0.0,86,2,73,0,Green
39,64,0.06,91,6,87,4,Black
8,10,0.0,102,2,77,1,Yellow
27,72,0.0,89,5,88,4,Black
64,100,0.01,71,7,70,0,Green
43,77,0.24,86,5,82,2,Orange
40,68,0.0,91,5,89,4,Black
32,11,0.0,98,6,79,1,Yellow
10,32,0.0,87,5,78,1,Yellow
0,33,0.0,86,4,77,1,Yellow
5,9,0.0,113,6,88,4,Black
5,11,0.0,104,4,82,2,Orange
37,68,0.09,91,15,88,4,Black
8,15,0.0,78,5,61,0,Green
5,29,0.0,102,5,86,3,Red
16,19,0.0,84,5,67,0,Green
30,68,0.02,89,6,86,3,Red
4,8,0.0,105,8,83,2,Orange
36,75,0.08,89,15,88,4,Black
51,87,0.36,78,2,76,0,Green
81,72,0.07,91,12,87,4,Black
32,70,0.0,87,4,82,2,Orange
5,30,0.0,64,3,54,0,Green
45,75,0.38,86,8,84,2,Orange
32,80,0.0,86,7,82,2,Orange
2,20,0.0,84,2,68,0,Green
30,70,0.01,87,6,82,2,Orange
53,66,0.05,87,8,85,3,Red
19,74,0.0,77,2,73,0,Green
1,21,0.0,96,5,82,2,Orange
7,7,0.0,107,3,82,2,Orange
21,80,0.01,86,9,82,2,Orange
25,72,0.0,89,9,87,4,Black
3,12,0.0,86,5,68,0,Green
6,10,0.0,102,2,78,1,Yellow
3,12,0.0,86,2,68,0,Green
25,12,0.0,107,5,85,3,Red
61,87,0.05,80,3,78,1,Yellow
40,74,0.05,89,13,89,4,Black
3,9,0.0,113,6,88,4,Black
4,9,0.0,113,6,87,4,Black
28,80,0.0,86,5,85,3,Red
60,77,0.04,87,6,87,4,Black
15,24,0.0,51,10,42,0,Green
3,10,0.0,113,4,88,4,Black
34,68,0.0,91,6,89,4,Black
41,75,0.1,89,14,87,4,Black
3,17,0.0,77,5,60,0,Green
37,63,0.0,86,12,79,1,Yellow
2,11,0.0,109,2,88,4,Black
77,80,0.02,86,9,83,2,Orange
47,57,0.0,89,5,84,2,Orange
43,70,0.28,89,5,88,4,Black
10,27,0.0,91,3,76,0,Green
91,82,0.03,75,17,71,0,Green
10,11,0.0,93,6,71,0,Green
1,22,0.0,87,5,72,0,Green
7,13,0.0,91,9,72,0,Green
92,69,0.0,73,6,68,0,Green
49,66,0.0,91,5,87,4,Black
24,64,0.0,89,4,86,3,Red
34,82,0.0,82,5,81,1,Yellow
17,46,0.0,93,5,85,3,Red
3,18,0.0,109,3,90,4,Black
74,77,0.33,86,4,82,2,Orange
3,14,0.0,109,2,89,4,Black
2,26,0.0,98,2,86,3,Red
17,68,0.01,89,7,87,4,Black
6,12,0.0,78,5,61,0,Green
71,74,0.05,78,6,76,0,Green
2,20,0.0,104,5,88,4,Black
3,47,0.0,89,5,83,2,Orange
7,77,0.0,87,10,83,2,Orange
37,72,0.02,91,9,89,4,Black
6,10,0.0,104,4,82,2,Orange
5,8,0.0,111,2,85,3,Red
42,70,0.02,89,8,85,3,Red
4,45,0.0,77,4,68,0,Green
35,63,0.03,89,12,86,3,Red
24,63,0.0,91,7,87,4,Black
54,88,0.34,77,4,75,0,Green
56,68,0.06,89,6,86,3,Red
48,77,0.23,84,6,80,1,Yellow
7,12,0.0,111,2,87,4,Black
6,9,0.0,100,2,80,1,Yellow
33,42,0.01,93,7,86,3,Red
51,54,0.01,91,4,83,2,Orange
3,9,0.0,104,4,82,2,Orange
8,9,0.0,111,5,86,3,Red
50,66,0.0,91,5,87,4,Black
3,18,0.0,93,6,76,0,Green
30,70,0.01,89,3,87,4,Black
4,7,0.0,107,3,82,2,Orange
2,9,0.0,107,5,86,3,Red
4,46,0.0,91,5,81,1,Yellow
6,9,0.0,107,3,83,2,Orange
56,67,0.0,84,4,81,1,Yellow
19,80,0.01,87,9,87,4,Black
4,71,0.0,80,2,77,1,Yellow
5,21,0.0,82,10,69,0,Green
8,7,0.0,104,8,79,1,Yellow
11,34,0.0,96,3,86,3,Red
31,70,0.01,87,2,86,3,Red
38,61,0.0,78,3,72,0,Green
8,77,0.01,89,7,88,4,Black
36,83,0.01,86,8,86,3,Red
61,73,0.03,89,5,87,4,Black
2,7,0.0,104,5,82,2,Orange
78,70,0.24,89,12,87,4,Black
5,13,0.0,109,2,88,4,Black
60,80,0.04,86,5,82,2,Orange
8,28,0.0,68,8,55,0,Green
39,68,0.04,91,7,88,4,Black
14,41,0.0,91,9,83,2,Orange
4,20,0.0,104,5,87,4,Black
73,84,0.0,64,2,62,0,Green
2,8,0.0,100,5,79,1,Yellow
8,8,0.0,113,6,85,3,Red
36,77,0.0,82,12,79,1,Yellow
9,7,0.0,111,13,84,2,Orange
4,14,0.0,109,3,88,4,Black
3,11,0.0,107,9,85,3,Red
2,72,0.0,82,9,77,1,Yellow
23,80,0.01,87,8,87,4,Black
39,85,0.0,82,5,79,1,Yellow
1,25,0.0,77,3,65,0,Green
8,13,0.0,109,2,87,4,Black
30,59,0.0,91,4,85,3,Red
69,70,0.42,89,6,85,3,Red
37,88,0.04,82,2,79,1,Yellow
4,8,0.0,104,4,79,1,Yellow
55,71,0.3,89,9,86,3,Red
5,10,0.0,109,7,84,2,Orange
53,66,0.01,87,3,85,3,Red
12,15,0.0,100,5,78,1,Yellow
9,93,0.0,60,12,59,0,Green
0,12,0.0,104,2,85,3,Red
5,9,0.0,107,5,82,2,Orange
3,19,0.0,86,2,72,0,Green
16,70,0.0,89,9,86,3,Red
3,20,0.0,95,5,79,1,Yellow
69,68,0.0,82,4,77,1,Yellow
58,90,0.7,82,8,81,1,Yellow
52,66,0.44,89,5,85,3,Red
2,9,0.0,105,5,84,2,Orange
7,12,0.0,98,6,79,1,Yellow
2,11,0.0,104,3,85,3,Red
8,8,0.0,111,5,85,3,Red
19,18,0.0,89,7,71,0,Green
29,44,0.0,91,7,83,2,Orange
6,22,0.0,98,5,81,1,Yellow
49,68,0.09,91,9,86,3,Red
10,67,0.0,82,6,76,0,Green
50,73,0.15,89,5,86,3,Red
56,67,0.01,86,10,81,1,Yellow
6,11,0.0,104,5,83,2,Orange
66,65,0.35,91,9,85,3,Red
36,66,0.0,91,7,89,4,Black
23,68,0.0,89,4,87,4,Black
93,100,0.09,62,6,62,0,Green
7,8,0.0,104,9,80,1,Yellow
63,93,0.01,73,7,71,0,Green
5,11,0.0,109,6,87,4,Black
41,72,0.01,89,5,85,3,Red
22,72,0.0,89,6,88,4,Black
8,18,0.0,82,5,69,0,Green
35,70,2.06,87,7,84,2,Orange
3,48,0.0,77,4,68,0,Green
8,8,0.0,111,5,86,3,Red
44,68,0.01,87,8,85,3,Red
25,10,0.0,100,12,77,1,Yellow
96,96,0.15,64,5,64,0,Green
14,23,0.0,100,10,82,2,Orange
5,11,0.0,80,13,63,0,Green
49,78,0.5,89,12,87,4,Black
60,79,0.17,89,12,88,4,Black
11,14,0.0,105,5,86,3,Red
32,73,0.04,89,6,86,3,Red
5,8,0.0,107,2,82,2,Orange
5,9,0.0,109,6,86,3,Red
1,16,0.0,91,12,73,0,Green
1,37,0.0,73,4,65,0,Green
34,77,0.0,89,5,87,4,Black
1,9,0.0,111,2,86,3,Red
6,15,0.0,102,5,82,2,Orange
24,62,0.0,91,4,87,4,Black
2,10,0.0,104,3,84,2,Orange
0,40,0.0,84,6,73,0,Green
5,11,0.0,104,5,84,2,Orange
12,8,0.0,109,9,83,2,Orange
53,77,0.39,87,9,87,4,Black
10,9,0.0,104,10,79,1,Yellow
100,90,0.02,64,4,64,0,Green
41,73,0.0,89,11,85,3,Red
14,18,0.0,100,5,83,2,Orange
14,17,0.0,100,3,78,1,Yellow
48,23,0.0,82,9,66,0,Green
48,72,0.07,87,9,85,3,Red
95,100,0.18,64,6,64,0,Green
69,85,0.02,82,10,80,1,Yellow
1,10,0.0,104,2,84,2,Orange
0,13,0.0,102,5,84,2,Orange
13,12,0.0,109,4,85,3,Red
38,75,0.04,89,8,88,4,Black
22,68,0.0,91,7,89,4,Black
6,10,0.0,113,8,86,3,Red
43,75,0.37,87,3,84,2,Orange
54,75,0.0,87,4,83,2,Orange
4,24,0.0,77,10,63,0,Green
6,9,0.0,113,6,88,4,Black
63,71,0.12,89,12,86,3,Red
51,74,0.05,78,4,74,0,Green
4,16,0.0,102,8,82,2,Orange
26,80,0.0,86,4,85,3,Red
10,34,0.0,84,4,72,0,Green
18,74,0.0,87,6,85,3,Red
12,65,0.0,78,9,72,0,Green
83,74,0.17,89,15,87,4,Black
39,66,0.02,89,7,86,3,Red
90,94,0.1,71,8,70,0,Green
10,42,0.0,78,3,72,0,Green
36,82,0.01,86,3,85,3,Red
4,18,0.0,86,5,72,0,Green
12,50,0.0,86,7,80,1,Yellow
86,79,0.13,82,7,80,1,Yellow
30,70,0.0,91,6,88,4,Black
53,87,0.28,82,4,79,1,Yellow
3,16,0.0,100,5,82,2,Orange
21,80,0.0,86,8,83,2,Orange
5,9,0.0,113,7,88,4,Black
31,88,0.0,80,4,79,1,Yellow
1,20,0.0,86,3,72,0,Green
1,10,0.0,109,2,87,4,Black
28,72,0.0,84,9,79,1,Yellow
7,18,0.0,86,5,69,0,Green
6,87,0.0,69,4,67,0,Green
12,12,0.0,109,4,86,3,Red
13,73,0.0,89,3,87,4,Black
44,75,1.76,87,7,85,3,Red
12,68,0.0,91,5,88,4,Black
5,11,0.0,105,9,83,2,Orange
4,19,0.0,107,3,90,4,Black
7,17,0.0,86,4,69,0,Green
43,51,0.0,89,3,83,2,Orange
4,8,0.0,111,3,86,3,Red
7,18,0.0,104,6,85,3,Red
3,7,0.0,109,4,85,3,Red
66,70,0.09,89,9,86,3,Red
69,74,0.0,86,8,81,1,Yellow
0,26,0.0,89,4,78,1,Yellow
77,75,0.17,89,15,87,4,Black
13,12,0.0,100,8,79,1,Yellow
74,61,0.0,86,8,81,1,Yellow
25,62,0.0,91,4,86,3,Red
1,18,0.0,96,3,79,1,Yellow
68,79,0.01,73,6,70,0,Green
16,61,0.0,84,6,82,2,Orange
1,72,0.0,84,4,82,2,Orange
4,46,0.0,86,8,79,1,Yellow
62,72,0.16,89,8,85,3,Red
5,9,0.0,104,5,81,1,Yellow
11,69,0.0,82,1,77,1,Yellow
48,70,0.06,89,7,86,3,Red
3,8,0.0,111,2,87,4,Black
86,88,0.38,80,13,78,1,Yellow
22,75,0.0,87,9,86,3,Red
30,72,0.02,89,7,87,4,Black
2,77,0.0,82,4,79,1,Yellow
6,35,0.0,95,7,81,1,Yellow
5,11,0.0,107,7,87,4,Black
5,17,0.0,84,3,66,0,Green
55,77,0.17,84,3,80,1,Yellow
4,16,0.0,102,5,83,2,Orange
51,85,0.02,82,2,79,1,Yellow
4,53,0.0,71,8,64,0,Green
3,10,0.0,102,7,82,2,Orange
3,14,0.0,109,5,88,4,Black
4,8,0.0,96,5,74,0,Green
2,13,0.0,89,7,69,0,Green
100,100,0.07,57,5,56,0,Green
50,70,0.01,89,5,88,4,Black
13,17,0.0,104,3,83,2,Orange
7,8,0.0,109,6,83,2,Orange
20,68,0.0,91,6,88,4,Black
6,11,0.0,111,5,88,4,Black
23,64,0.0,91,3,89,4,Black
19,65,0.0,84,2,80,1,Yellow
4,23,0.0,93,5,78,1,Yellow
35,74,0.0,84,13,80,1,Yellow
4,32,0.0,93,6,82,2,Orange
3,14,0.0,109,3,88,4,Black
1,12,0.0,107,4,86,3,Red
37,60,0.01,91,6,88,4,Black
40,74,0.32,89,13,86,3,Red
5,7,0.0,105,2,82,2,Orange
26,61,0.0,84,9,78,1,Yellow
3,8,0.0,111,7,87,4,Black
2,29,0.0,75,6,65,0,Green
7,17,0.0,107,3,88,4,Black
36,73,0.03,89,8,86,3,Red
7,7,0.0,111,4,86,3,Red
47,68,0.06,91,7,87,4,Black
82,61,0.0,86,5,79,1,Yellow
4,26,0.0,71,6,58,0,Green
94,97,0.4,75,10,74,0,Green
1,53,0.0,86,6,81,1,Yellow
42,84,0.0,68,5,66,0,Green
4,29,0.0,89,3,75,0,Green
3,27,0.0,89,4,75,0,Green
30,71,0.01,82,3,79,1,Yellow
99,84,0.0,71,7,68,0,Green
4,17,0.0,78,5,66,0,Green
36,72,0.03,89,8,85,3,Red
36,70,0.0,91,6,87,4,Black
2,8,0.0,111,5,85,3,Red
3,15,0.0,100,5,82,2,Orange
82,77,0.08,89,11,87,4,Black
14,17,0.0,107,5,88,4,Black
24,70,0.02,89,7,87,4,Black
22,68,0.03,89,8,85,3,Red
1,79,0.0,71,9,67,0,Green
5,17,0.0,93,12,77,1,Yellow
100,93,0.01,66,6,66,0,Green
53,73,0.04,89,3,86,3,Red
4,7,0.0,104,5,81,1,Yellow
23,75,0.01,86,4,83,2,Orange
2,16,0.0,75,2,61,0,Green
4,13,0.0,109,4,88,4,Black
53,63,0.0,89,9,83,2,Orange
11,10,0.0,102,11,80,1,Yellow
66,72,0.08,86,6,82,2,Orange
4,11,0.0,91,6,69,0,Green
36,78,0.02,86,5,82,2,Orange
5,13,0.0,95,5,77,1,Yellow
63,70,0.04,89,7,87,4,Black
98,97,0.0,60,2,60,0,Green
9,27,0.0,95,8,80,1,Yellow
7,9,0.0,104,3,81,1,Yellow
3,9,0.0,109,3,85,3,Red
48,72,0.39,87,8,85,3,Red
15,77,0.0,89,11,86,3,Red
22,75,0.02,87,6,85,3,Red
40,82,0.0,86,11,82,2,Orange
16,61,0.0,84,6,81,1,Yellow
59,77,0.1,89,13,87,4,Black
3,28,0.0,84,2,72,0,Green
34,66,0.03,91,5,88,4,Black
45,71,0.02,89,5,83,2,Orange
44,61,0.02,91,6,87,4,Black
38,73,0.02,89,5,87,4,Black
2,8,0.0,104,5,83,2,Orange
60,78,0.0,86,17,83,2,Orange
79,93,0.0,68,4,67,0,Green
51,59,0.0,86,8,80,1,Yellow
1,27,0.0,89,9,75,0,Green
5,10,0.0,109,6,86,3,Red
49,64,0.14,91,3,86,3,Red
1,19,0.0,100,5,82,2,Orange
7,13,0.0,109,5,86,3,Red
8,18,0.0,78,6,62,0,Green
59,78,0.57,86,2,82,2,Orange
44,64,0.02,89,9,85,3,Red
26,65,0.0,86,7,84,2,Orange
1,71,0.0,80,5,75,0,Green
3,6,0.0,102,5,80,1,Yellow
2,22,0.0,78,1,66,0,Green
65,80,0.0,84,5,81,1,Yellow
10,16,0.0,109,2,88,4,Black
2,9,0.0,111,4,85,3,Red
6,40,0.0,73,4,62,0,Green
18,77,0.02,86,6,84,2,Orange
46,73,0.28,89,5,87,4,Black
40,70,0.0,84,12,80,1,Yellow
19,9,0.0,107,6,82,2,Orange
33,62,0.0,73,2,68,0,Green
77,61,0.0,86,7,82,2,Orange
6,50,0.0,75,6,67,0,Green
23,8,0.0,104,8,79,1,Yellow
7,11,0.0,102,3,78,1,Yellow
36,73,0.1,91,9,88,4,Black
4,8,0.0,100,4,80,1,Yellow
46,75,0.18,87,5,86,3,Red
25,70,0.01,89,8,87,4,Black
12,59,0.0,86,5,80,1,Yellow
8,9,0.0,98,9,73,0,Green
38,61,0.0,84,3,81,1,Yellow
100,93,0.06,68,5,66,0,Green
58,68,0.12,89,8,87,4,Black
38,73,0.0,89,5,88,4,Black
47,77,0.51,86,10,82,2,Orange
79,70,0.49,89,8,83,2,Orange
2,7,0.0,109,5,85,3,Red
44,73,0.16,89,6,86,3,Red
91,94,0.06,71,6,71,0,Green
22,59,0.0,86,17,82,2,Orange
14,70,0.0,89,4,86,3,Red
74,71,0.29,91,12,86,3,Red
83,78,0.0,66,5,64,0,Green
31,70,0.0,91,6,88,4,Black
5,11,0.0,93,4,73,0,Green
31,73,0.01,89,6,85,3,Red
70,79,0.24,86,4,82,2,Orange
5,17,0.0,87,5,69,0,Green
29,11,0.0,102,5,82,2,Orange
12,60,0.0,82,5,75,0,Green
5,18,0.0,75,16,61,0,Green
32,64,0.0,91,2,88,4,Black
3,77,0.01,89,8,88,4,Black
1,15,0.0,100,4,83,2,Orange
11,77,0.0,86,3,85,3,Red
23,67,0.0,82,3,77,1,Yellow
43,66,0.02,93,9,90,4,Black
47,67,0.63,89,8,87,4,Black
2,11,0.0,86,5,67,0,Green
54,70,0.0,89,5,85,3,Red
58,68,0.0,69,3,66,0,Green
98,87,0.04,68,7,67,0,Green
46,85,0.02,75,2,73,0,Green
0,16,0.0,80,1,66,0,Green
67,63,0.15,93,8,87,4,Black
16,66,0.0,91,7,88,4,Black
63,51,0.01,93,13,86,3,Red
35,68,0.0,91,5,86,3,Red
42,70,0.02,87,6,86,3,Red
2,19,0.0,95,6,79,1,Yellow
32,72,0.04,89,7,85,3,Red
51,72,0.13,89,9,87,4,Black
6,70,0.0,89,8,85,3,Red
73,58,0.0,77,7,73,0,Green
25,70,0.05,89,8,85,3,Red
23,67,0.02,84,4,79,1,Yellow
2,19,0.0,102,6,82,2,Orange
25,62,0.0,91,4,87,4,Black
6,8,0.0,113,7,89,4,Black
6,12,0.0,91,2,71,0,Green
5,16,0.0,96,2,77,1,Yellow
0,20,0.0,98,6,79,1,Yellow
44,83,0.0,82,20,79,1,Yellow
48,85,0.0,75,2,73,0,Green
24,66,0.0,89,4,85,3,Red
5,8,0.0,113,5,85,3,Red
2,17,0.0,107,5,89,4,Black
7,9,0.0,91,3,72,0,Green
37,66,0.0,91,7,89,4,Black
2,12,0.0,96,9,78,1,Yellow
2,9,0.0,109,6,87,4,Black
52,67,0.02,89,15,86,3,Red
3,8,0.0,111,5,85,3,Red
37,64,0.03,89,5,83,2,Orange
72,77,0.01,86,6,82,2,Orange
1,14,0.0,107,5,88,4,Black
8,10,0.0,98,10,78,1,Yellow
5,11,0.0,100,4,78,1,Yellow
3,21,0.0,105,3,90,4,Black
28,68,0.09,89,8,85,3,Red
4,11,0.0,93,3,71,0,Green
6,11,0.0,107,8,85,3,Red
10,19,0.0,89,3,71,0,Green
4,8,0.0,102,4,80,1,Yellow
3,25,0.0,91,8,79,1,Yellow
1,50,0.0,86,4,80,1,Yellow
2,28,0.0,91,4,79,1,Yellow
26,61,0.0,82,3,75,0,Green
32,72,0.0,84,4,79,1,Yellow
33,68,0.32,89,8,86,3,Red
5,63,0.0,84,7,82,2,Orange
47,68,0.01,87,9,83,2,Orange
83,65,0.0,82,7,77,1,Yellow
43,75,0.0,60,9,59,0,Green
6,9,0.0,111,7,85,3,Red
12,82,0.0,86,7,82,2,Orange
1,8,0.0,104,4,83,2,Orange
27,78,0.0,86,5,85,3,Red
5,27,0.0,93,3,77,1,Yellow
18,51,0.0,86,9,80,1,Yellow
62,75,0.38,87,9,86,3,Red
72,79,0.0,84,13,83,2,Orange
28,17,0.0,86,6,70,0,Green
52,62,0.06,91,3,86,3,Red
27,70,0.0,89,3,83,2,Orange
100,93,0.05,59,4,58,0,Green
6,13,0.0,86,2,66,0,Green
32,68,0.06,89,8,87,4,Black
16,77,0.03,86,6,84,2,Orange
8,9,0.0,111,3,88,4,Black
53,77,0.08,86,9,82,2,Orange
15,17,0.0,100,3,78,1,Yellow
1,23,0.0,95,6,79,1,Yellow
1,25,0.0,82,7,70,0,Green
58,82,0.45,82,5,79,1,Yellow
38,52,0.0,89,11,81,1,Yellow
57,68,0.06,89,6,85,3,Red
2,14,0.0,102,2,85,3,Red
45,70,0.0,86,7,85,3,Red
1,27,0.0,93,4,77,1,Yellow
32,72,0.0,86,9,85,3,Red
13,20,0.0,98,3,79,1,Yellow
42,63,0.0,89,8,85,3,Red
7,14,0.0,111,3,88,4,Black
14,74,0.0,87,5,85,3,Red
3,12,0.0,107,10,83,2,Orange
51,85,0.36,82,12,79,1,Yellow
33,74,0.01,89,12,86,3,Red
10,55,0.0,86,6,81,1,Yellow
90,93,0.0,68,9,67,0,Green
46,72,0.63,87,8,84,2,Orange
19,85,0.11,82,4,80,1,Yellow
4,13,0.0,89,3,70,0,Green
71,75,0.49,86,4,82,2,Orange
1,20,0.0,96,5,82,2,Orange
3,16,0.0,109,3,89,4,Black
69,57,0.0,86,5,80,1,Yellow
38,60,0.24,91,3,86,3,Red
37,66,0.14,89,6,85,3,Red
43,79,0.08,84,5,81,1,Yellow
72,78,0.29,89,13,85,3,Red
3,23,0.0,93,4,80,1,Yellow
3,26,0.0,93,5,80,1,Yellow
2,30,0.0,91,5,81,1,Yellow
53,97,0.2,68,9,66,0,Green
8,13,0.0,109,2,86,3,Red
25,70,0.01,87,5,82,2,Orange
2,7,0.0,113,5,87,4,Black
29,68,0.01,89,7,85,3,Red
28,55,0.0,87,7,83,2,Orange
31,71,0.01,89,5,83,2,Orange
35,60,0.0,91,3,87,4,Black
2,16,0.0,100,2,80,1,Yellow
58,66,0.02,87,3,85,3,Red
6,9,0.0,100,5,79,1,Yellow
5,12,0.0,107,2,83,2,Orange
34,73,0.0,89,6,88,4,Black
77,57,0.0,87,6,82,2,Orange
0,11,0.0,107,2,85,3,Red
6,8,0.0,95,10,72,0,Green
37,75,0.02,87,5,85,3,Red
8,13,0.0,111,2,87,4,Black
18,55,0.0,86,14,79,1,Yellow
8,10,0.0,111,4,88,4,Black
2,14,0.0,100,6,82,2,Orange
47,65,0.0,84,2,82,2,Orange
6,17,0.0,96,10,78,1,Yellow
33,83,0.0,84,7,81,1,Yellow
46,85,0.19,84,3,82,2,Orange
32,18,0.0,95,9,80,1,Yellow
11,13,0.0,105,4,83,2,Orange
37,79,0.0,68,3,64,0,Green
6,9,0.0,113,6,86,3,Red
6,9,0.0,104,4,81,1,Yellow
7,11,0.0,93,4,72,0,Green
34,68,0.0,91,6,88,4,Black
30,75,0.01,89,9,85,3,Red
44,70,0.02,89,9,84,2,Orange
1,42,0.0,80,5,74,0,Green
6,17,0.0,80,1,66,0,Green
43,58,0.0,87,12,81,1,Yellow
46,72,0.0,87,3,86,3,Red
4,10,0.0,107,2,83,2,Orange
25,48,0.0,89,7,83,2,Orange
4,45,0.0,87,3,81,1,Yellow
76,72,0.01,80,6,78,1,Yellow
4,13,0.0,107,4,85,3,Red
17,77,0.01,86,6,84,2,Orange
7,11,0.0,104,6,81,1,Yellow
0,15,0.0,107,3,86,3,Red
97,68,0.02,71,2,66,0,Green
49,75,0.06,86,9,81,1,Yellow
41,85,0.0,84,5,81,1,Yellow
1,44,0.0,82,7,73,0,Green
4,10,0.0,104,5,83,2,Orange
2,30,0.0,95,8,82,2,Orange
52,80,0.06,87,12,84,2,Orange
10,13,0.0,111,2,87,4,Black
35,75,0.02,89,9,86,3,Red
12,50,0.0,89,7,79,1,Yellow
52,83,0.07,84,5,80,1,Yellow
9,13,0.0,89,10,68,0,Green
3,10,0.0,109,5,84,2,Orange
100,90,0.02,66,7,66,0,Green
5,46,0.0,86,5,80,1,Yellow
41,75,0.0,86,9,85,3,Red
21,75,0.0,89,5,87,4,Black
3,10,0.0,98,9,78,1,Yellow
74,82,0.17,87,16,86,3,Red
25,11,0.0,107,11,82,2,Orange
0,45,0.0,80,8,70,0,Green
2,12,0.0,102,4,83,2,Orange
38,72,0.0,89,5,87,4,Black
36,73,0.0,89,6,87,4,Black
57,74,0.1,89,13,86,3,Red
55,91,0.01,80,5,79,1,Yellow
23,77,0.0,86,6,83,2,Orange
62,70,0.37,89,5,85,3,Red
38,80,0.04,86,4,82,2,Orange
26,77,0.0,87,5,86,3,Red
3,32,0.0,77,2,64,0,Green
3,9,0.0,107,3,82,2,Orange
32,72,0.0,68,5,64,0,Green
68,82,0.0,71,19,70,0,Green
37,58,0.0,89,9,84,2,Orange
23,83,0.0,84,7,81,1,Yellow
32,66,0.01,91,3,88,4,Black
37,63,0.05,91,8,85,3,Red
11,79,0.0,86,2,85,3,Red
39,77,0.21,89,12,88,4,Black
0,17,0.0,78,2,67,0,Green
6,12,0.0,111,3,86,3,Red
25,75,0.01,87,7,83,2,Orange
22,68,0.0,89,4,87,4,Black
60,68,0.01,89,12,85,3,Red
13,67,0.0,84,6,82,2,Orange
47,62,0.07,89,9,86,3,Red
32,90,0.1,77,2,75,0,Green
21,68,0.0,89,8,87,4,Black
36,82,0.37,84,2,80,1,Yellow
87,79,0.13,82,6,78,1,Yellow
9,9,0.0,109,3,83,2,Orange
8,16,0.0,105,4,86,3,Red
76,90,0.01,68,6,67,0,Green
46,77,0.31,89,13,89,4,Black
40,68,0.0,91,5,88,4,Black
45,73,0.04,89,12,84,2,Orange
5,13,0.0,109,2,85,3,Red
87,77,0.0,82,8,79,1,Yellow
37,63,0.0,64,7,60,0,Green
21,26,0.0,77,11,62,0,Green
39,80,0.01,87,6,87,4,Black
1,35,0.0,77,2,66,0,Green
3,17,0.0,82,5,64,0,Green
0,46,0.0,93,2,85,3,Red
2,7,0.0,113,5,88,4,Black
2,31,0.0,91,6,79,1,Yellow
43,65,0.01,89,9,84,2,Orange
25,75,0.0,89,5,87,4,Black
5,9,0.0,113,5,87,4,Black
3,12,0.0,102,5,82,2,Orange
28,73,0.01,89,7,87,4,Black
42,68,0.0,91,7,88,4,Black
23,72,0.0,91,8,89,4,Black
30,70,0.0,87,6,82,2,Orange
39,70,0.03,89,8,87,4,Black
1,9,0.0,104,2,83,2,Orange
6,10,0.0,111,4,86,3,Red
45,64,0.0,91,4,88,4,Black
7,12,0.0,98,3,79,1,Yellow
10,10,0.0,109,8,84,2,Orange
9,14,0.0,73,2,56,0,Green
44,64,0.01,89,5,85,3,Red
39,64,0.0,91,5,89,4,Black
49,70,0.05,91,14,87,4,Black
4,13,0.0,95,8,77,1,Yellow
5,9,0.0,104,6,80,1,Yellow
5,20,0.0,82,5,68,0,Green
3,7,0.0,111,5,83,2,Orange
3,20,0.0,87,5,75,0,Green
40,66,0.0,87,9,84,2,Orange
1,42,0.0,82,5,71,0,Green
21,20,0.0,98,2,82,2,Orange
35,70,0.0,87,10,86,3,Red
6,13,0.0,107,4,84,2,Orange
30,80,0.0,84,6,81,1,Yellow
8,21,0.0,68,4,54,0,Green
8,19,0.0,102,4,85,3,Red
5,25,0.0,57,5,50,0,Green
12,12,0.0,102,11,81,1,Yellow
1,55,0.0,71,5,66,0,Green
13,70,0.0,89,5,88,4,Black
6,28,0.0,89,5,75,0,Green
1,9,0.0,111,4,88,4,Black
5,9,0.0,113,3,89,4,Black
1,60,0.0,73,3,66,0,Green
2,27,0.0,100,5,86,3,Red
16,11,0.0,100,13,78,1,Yellow
6,8,0.0,102,2,80,1,Yellow
46,72,0.34,86,4,82,2,Orange
44,65,0.02,89,15,86,3,Red
62,72,0.17,89,6,87,4,Black
12,80,0.02,86,7,85,3,Red
3,10,0.0,98,3,79,1,Yellow
63,77,0.49,87,9,86,3,Red
9,72,0.0,91,5,86,3,Red
7,12,0.0,111,3,85,3,Red
49,80,0.09,87,9,84,2,Orange
69,94,0.38,78,8,77,1,Yellow
40,65,0.0,84,6,78,1,Yellow
10,21,0.0,104,4,88,4,Black
56,70,0.56,89,3,87,4,Black
37,61,0.03,89,12,86,3,Red
84,84,0.05,75,7,72,0,Green
3,12,0.0,107,5,86,3,Red
22,60,0.0,93,4,89,4,Black
88,90,0.03,69,5,69,0,Green
2,12,0.0,105,4,85,3,Red
78,70,0.39,89,7,83,2,Orange
58,74,0.13,86,5,82,2,Orange
18,59,0.0,89,7,85,3,Red
8,11,0.0,102,2,77,1,Yellow
73,70,0.56,89,4,84,2,Orange
16,12,0.0,107,7,82,2,Orange
1,60,0.0,87,9,80,1,Yellow
6,13,0.0,109,2,88,4,Black
7,23,0.0,68,9,55,0,Green
8,77,0.0,82,8,79,1,Yellow
3,14,0.0,87,3,72,0,Green
29,73,0.04,89,6,88,4,Black
3,14,0.0,95,6,75,0,Green
3,12,0.0,95,2,78,1,Yellow
52,80,0.0,64,4,61,0,Green
8,12,0.0,111,3,85,3,Red
7,8,0.0,113,3,88,4,Black
1,10,0.0,109,4,87,4,Black
0,17,0.0,80,4,67,0,Green
33,82,0.01,86,9,87,4,Black
2,15,0.0,100,2,81,1,Yellow
65,70,0.21,87,5,83,2,Orange
1,8,0.0,91,5,72,0,Green
8,18,0.0,96,9,80,1,Yellow
4,13,0.0,100,8,79,1,Yellow
2,20,0.0,104,3,88,4,Black
44,66,0.0,91,3,88,4,Black
48,91,0.01,82,6,81,1,Yellow
3,9,0.0,102,11,79,1,Yellow
6,8,0.0,109,2,84,2,Orange
9,56,0.03,93,5,88,4,Black
4,5,0.0,98,2,77,1,Yellow
57,82,0.02,84,8,81,1,Yellow
29,64,0.04,89,5,86,3,Red
1,9,0.0,105,5,82,2,Orange
54,70,0.08,89,13,87,4,Black
12,70,0.0,84,5,82,2,Orange
0,27,0.0,91,5,76,0,Green
1,14,0.0,95,2,78,1,Yellow
13,77,0.0,86,9,83,2,Orange
9,10,0.0,111,6,85,3,Red
57,77,0.08,86,7,83,2,Orange
1,16,0.0,91,6,73,0,Green
6,60,0.0,93,5,89,4,Black
8,9,0.0,109,5,85,3,Red
93,66,0.01,87,6,83,2,Orange
3,8,0.0,109,5,85,3,Red
2,16,0.0,96,5,80,1,Yellow
8,9,0.0,95,3,72,0,Green
2,33,0.0,89,5,79,1,Yellow
37,72,0.04,89,5,86,3,Red
72,72,0.2,86,8,85,3,Red
3,63,0.0,84,8,82,2,Orange
43,66,0.02,91,4,89,4,Black
18,60,0.0,93,6,90,4,Black
25,70,0.01,89,8,86,3,Red
61,68,0.11,89,12,86,3,Red
35,66,0.01,91,6,89,4,Black
25,17,0.0,91,9,76,0,Green
2,61,0.0,87,2,84,2,Orange
56,73,0.06,89,7,85,3,Red
7,26,0.0,100,4,87,4,Black
5,8,0.0,109,5,84,2,Orange
46,73,0.15,87,6,84,2,Orange
5,20,0.0,84,5,68,0,Green
54,75,0.29,87,9,84,2,Orange
39,85,0.01,82,5,79,1,Yellow
17,74,0.0,87,6,85,3,Red
15,77,0.01,84,5,80,1,Yellow
31,66,0.0,93,6,88,4,Black
59,55,0.0,91,9,84,2,Orange
71,18,0.01,82,11,66,0,Green
10,74,0.0,80,3,75,0,Green
35,80,0.0,86,9,81,1,Yellow
6,14,0.0,100,8,82,2,Orange
76,63,0.0,82,5,76,0,Green
5,40,0.0,66,3,60,0,Green
36,68,0.01,87,6,85,3,Red
61,68,0.14,89,3,84,2,Orange
53,77,0.06,86,6,85,3,Red
24,80,0.01,86,5,82,2,Orange
6,16,0.0,82,5,65,0,Green
1,41,0.0,84,3,73,0,Green
50,70,0.02,89,7,87,4,Black
56,70,0.08,89,8,85,3,Red
55,77,0.03,82,3,80,1,Yellow
14,16,0.0,86,7,68,0,Green
65,84,0.0,82,5,79,1,Yellow
97,81,0.02,75,13,72,0,Green
59,80,1.05,86,12,85,3,Red
34,73,0.0,89,13,86,3,Red
6,11,0.0,109,6,87,4,Black
8,11,0.0,105,7,83,2,Orange
79,87,0.01,71,8,68,0,Green
2,7,0.0,111,5,88,4,Black
3,10,0.0,105,5,85,3,Red
6,11,0.0,111,6,88,4,Black
3,12,0.0,107,9,86,3,Red
31,82,0.0,82,2,78,1,Yellow
74,74,0.49,86,7,82,2,Orange
6,9,0.0,107,6,82,2,Orange
2,16,0.0,107,5,87,4,Black
2,12,0.0,93,2,73,0,Green
5,13,0.0,100,2,77,1,Yellow
36,67,0.0,84,6,79,1,Yellow
77,82,0.17,87,16,86,3,Red
5,9,0.0,102,3,78,1,Yellow
51,78,0.07,86,6,82,2,Orange
9,17,0.0,68,6,58,0,Green
50,74,0.51,87,11,83,2,Orange
6,16,0.0,91,12,72,0,Green
15,10,0.0,102,6,82,2,Orange
3,8,0.0,104,2,82,2,Orange
20,31,0.0,91,3,81,1,Yellow
87,81,0.05,69,7,68,0,Green
2,10,0.0,95,4,77,1,Yellow
57,77,0.6,86,8,82,2,Orange
1,59,0.0,73,10,67,0,Green
71,70,0.0,86,9,80,1,Yellow
12,59,0.0,89,11,85,3,Red
1,33,0.0,91,4,77,1,Yellow
23,70,0.03,89,8,85,3,Red
47,85,0.02,84,11,81,1,Yellow
49,75,0.02,89,11,85,3,Red
1,25,0.0,91,7,76,0,Green
94,94,0.02,73,11,72,0,Green
37,66,1.81,89,7,85,3,Red
7,11,0.0,89,5,68,0,Green
4,10,0.0,111,9,87,4,Black
69,68,0.15,91,11,86,3,Red
9,50,0.0,89,7,83,2,Orange
1,41,0.0,93,6,82,2,Orange
15,68,0.0,91,5,89,4,Black
30,75,0.01,89,9,84,2,Orange
53,68,0.02,89,3,87,4,Black
46,66,0.02,91,9,89,4,Black
3,9,0.0,111,2,88,4,Black
52,58,0.0,84,7,78,1,Yellow
29,50,0.0,89,9,82,2,Orange
2,8,0.0,111,6,87,4,Black
34,68,0.0,87,10,84,2,Orange
16,74,0.0,87,5,85,3,Red
4,25,0.0,93,5,78,1,Yellow
22,65,0.0,86,4,80,1,Yellow
3,14,0.0,109,5,87,4,Black
26,80,0.0,86,2,83,2,Orange
35,66,0.23,89,5,85,3,Red
45,60,0.0,91,9,86,3,Red
39,60,0.06,91,6,86,3,Red
26,72,0.0,89,6,86,3,Red
1,9,0.0,109,2,84,2,Orange
18,70,0.0,89,3,88,4,Black
57,72,0.05,87,8,86,3,Red
9,12,0.0,107,5,87,4,Black
20,77,0.0,86,4,85,3,Red
2,20,0.0,95,5,78,1,Yellow
14,83,0.0,84,4,82,2,Orange
1,21,0.0,102,5,86,3,Red
5,70,0.0,89,4,86,3,Red
4,32,0.0,66,9,55,0,Green
2,19,0.0,98,5,81,1,Yellow
0,32,0.0,86,4,77,1,Yellow
17,58,0.01,93,7,87,4,Black
10,65,0.0,84,8,82,2,Orange
55,79,0.01,84,6,82,2,Orange
6,12,0.0,111,4,87,4,Black
26,73,0.0,89,6,88,4,Black
4,58,0.0,89,10,83,2,Orange
35,78,0.0,87,9,83,2,Orange
22,33,0.0,95,7,82,2,Orange
52,39,0.0,93,2,84,2,Orange
32,75,0.01,86,3,82,2,Orange
7,13,0.0,111,5,87,4,Black
27,82,0.04,82,3,79,1,Yellow
3,13,0.0,82,3,68,0,Green
0,55,0.0,73,7,67,0,Green
94,93,0.04,68,12,67,0,Green
38,68,0.06,87,11,83,2,Orange
1,40,0.0,84,5,73,0,Green
0,62,0.0,75,4,69,0,Green
9,37,0.0,93,4,81,1,Yellow
41,72,0.1,84,9,83,2,Orange
100,93,0.02,66,7,64,0,Green
21,63,0.0,86,6,84,2,Orange
2,33,0.0,91,7,79,1,Yellow
11,80,0.0,87,8,87,4,Black
28,84,0.0,73,0,71,0,Green
51,15,0.0,93,8,73,0,Green
61,75,0.01,87,7,86,3,Red
6,7,0.0,105,9,80,1,Yellow
0,51,0.0,80,7,73,0,Green
73,78,0.1,89,9,85,3,Red
59,80,0.13,84,4,81,1,Yellow
30,82,0.0,86,8,83,2,Orange
60,77,0.09,86,8,82,2,Orange
31,64,0.0,93,6,87,4,Black
6,8,0.0,107,6,83,2,Orange
1,53,0.0,86,2,80,1,Yellow
69,75,0.06,86,7,82,2,Orange
35,73,0.0,86,22,82,2,Orange
18,73,0.0,89,9,89,4,Black
0,52,0.0,78,6,73,0,Green
12,16,0.0,104,4,85,3,Red
28,75,0.1,82,4,79,1,Yellow
3,13,0.0,107,5,87,4,Black
77,80,0.37,84,7,81,1,Yellow
35,49,0.0,91,6,84,2,Orange
4,10,0.0,102,5,82,2,Orange
7,9,0.0,109,6,86,3,Red
14,64,0.0,80,5,75,0,Green
40,83,0.03,86,7,84,2,Orange
57,80,0.11,84,4,81,1,Yellow
10,8,0.0,113,6,85,3,Red
5,10,0.0,109,5,86,3,Red
11,50,0.0,89,7,82,2,Orange
36,77,0.03,89,9,87,4,Black
40,74,0.03,89,15,87,4,Black
53,87,0.0,75,8,72,0,Green
4,17,0.0,105,3,84,2,Orange
100,84,0.04,68,8,67,0,Green
20,70,0.0,89,8,86,3,Red
48,91,0.04,80,2,77,1,Yellow
70,72,0.65,87,7,83,2,Orange
50,66,0.05,87,8,85,3,Red
13,42,0.0,93,9,86,3,Red
100,91,0.01,68,8,67,0,Green
6,16,0.0,80,9,63,0,Green
9,60,0.0,89,10,85,3,Red
23,77,0.0,86,7,83,2,Orange
38,68,0.0,91,5,88,4,Black
43,68,0.0,91,9,87,4,Black
1,18,0.0,100,7,82,2,Orange
12,10,0.0,113,5,87,4,Black
2,21,0.0,100,6,82,2,Orange
40,71,0.0,89,13,85,3,Red
48,74,0.23,86,6,82,2,Orange
7,10,0.0,82,22,63,0,Green
37,70,0.0,84,5,78,1,Yellow
61,72,0.13,89,7,84,2,Orange
69,67,0.11,89,12,86,3,Red
19,44,0.0,89,5,79,1,Yellow
37,73,0.0,89,6,88,4,Black
28,70,0.04,89,7,88,4,Black
5,11,0.0,107,8,85,3,Red
63,75,0.12,89,14,88,4,Black
29,77,0.01,87,5,88,4,Black
7,77,0.01,89,6,88,4,Black
3,9,0.0,100,4,80,1,Yellow
64,77,0.0,84,15,81,1,Yellow
8,16,0.0,104,5,87,4,Black
7,12,0.0,104,9,84,2,Orange
70,75,0.92,86,8,85,3,Red
4,13,0.0,102,4,81,1,Yellow
20,77,0.0,57,4,53,0,Green
6,12,0.0,111,2,86,3,Red
1,25,0.0,100,3,86,3,Red
96,91,0.02,77,8,75,0,Green
64,77,0.29,86,4,82,2,Orange
66,66,0.0,71,6,66,0,Green
97,84,0.01,75,15,73,0,Green
24,68,0.0,89,4,85,3,Red
35,80,0.0,86,5,86,3,Red
79,57,0.0,87,6,81,1,Yellow
3,37,0.0,87,3,77,1,Yellow
19,17,0.0,100,3,78,1,Yellow
45,65,0.0,89,8,86,3,Red
6,13,0.0,111,2,87,4,Black
2,18,0.0,71,10,59,0,Green
1,52,0.0,68,2,62,0,Green
26,43,0.0,89,8,79,1,Yellow
3,10,0.0,104,4,83,2,Orange
8,9,0.0,111,7,86,3,Red
83,66,0.0,68,15,63,0,Green
51,56,0.01,89,4,82,2,Orange
54,64,0.01,89,5,86,3,Red
3,9,0.0,109,3,86,3,Red
5,9,0.0,111,7,87,4,Black
2,14,0.0,107,4,88,4,Black
5,15,0.0,91,3,72,0,Green
56,63,0.0,87,9,84,2,Orange
3,20,0.0,104,3,88,4,Black
33,16,0.0,104,11,82,2,Orange
3,55,0.0,87,4,83,2,Orange
31,80,0.01,89,11,88,4,Black
4,10,0.0,111,4,88,4,Black
43,75,0.02,89,6,87,4,Black
39,61,0.0,91,5,87,4,Black
8,8,0.0,107,5,82,2,Orange
6,25,0.0,80,5,69,0,Green
13,83,0.0,84,3,83,2,Orange
81,79,0.35,84,17,83,2,Orange
7,21,0.0,82,6,66,0,Green
40,67,0.02,89,7,87,4,Black
18,73,0.0,89,4,88,4,Black
2,22,0.0,96,3,82,2,Orange
1,9,0.0,107,6,86,3,Red
4,13,0.0,109,4,87,4,Black
2,31,0.0,69,12,59,0,Green
1,7,0.0,91,6,72,0,Green
39,55,0.01,87,11,81,1,Yellow
62,70,0.35,89,3,84,2,Orange
99,90,0.03,71,7,69,0,Green
35,68,0.0,91,5,88,4,Black
40,77,0.26,87,13,86,3,Red
5,21,0.0,104,3,85,3,Red
24,66,0.0,89,4,87,4,Black
1,8,0.0,109,6,86,3,Red
3,53,0.0,86,8,77,1,Yellow
48,74,0.06,86,8,85,3,Red
12,75,0.0,87,5,85,3,Red
30,85,0.0,84,4,83,2,Orange
15,70,0.0,89,6,88,4,Black
34,67,0.02,86,7,82,2,Orange
52,71,0.15,91,13,86,3,Red
44,90,0.12,82,5,81,1,Yellow
36,64,0.21,91,6,85,3,Red
3,11,0.0,105,3,85,3,Red
55,77,0.0,80,3,79,1,Yellow
69,75,0.16,89,11,85,3,Red
24,56,0.03,93,5,87,4,Black
27,70,0.0,89,5,87,4,Black
25,55,0.0,86,11,81,1,Yellow
3,7,0.0,111,3,87,4,Black
4,66,0.0,89,5,87,4,Black
11,11,0.0,105,4,80,1,Yellow
